676;Adaptacion;1;3;1;0;0;6;9;images/cartaspaladin/1.png
367;Administradora de Villa Oscura;1;2;3;3;3;6;6;images/cartaspaladin/2.png
763;Aguante desesperado;1;3;2;0;0;6;10;images/cartaspaladin/3.png
548;Ardemechon balardiente;1;2;3;2;2;6;8;images/cartaspaladin/4.png
924;Arrepentimiento;1;3;1;0;0;6;11;images/cartaspaladin/5.png
935;Bendicion de poderio;1;3;1;0;0;6;11;images/cartaspaladin/6.png
936;Bendicion de reyes;1;3;4;0;0;6;11;images/cartaspaladin/7.png
937;Bendicion de sabiduria;1;3;1;0;0;6;11;images/cartaspaladin/8.png
185;Bienvenidos al coliseo;1;3;6;0;0;6;4;images/cartaspaladin/92.png
36;Bolvar fordragon;1;2;5;1;7;6;2;images/cartaspaladin/9.png
778;Bolvar sangre ardiente;1;2;5;1;7;6;10;images/cartaspaladin/10.png
207;Caballero murloc;1;2;4;3;4;6;4;images/cartaspaladin/11.png
505;Caballo de marfil;1;2;6;4;4;6;7;images/cartaspaladin/12.png
950;Campeon bendito;1;3;5;0;0;6;11;images/cartaspaladin/13.png
952;Campeon de veraplata;1;4;4;4;2;6;11;images/cartaspaladin/14.png
783;Campeon filo helado;1;2;4;3;2;6;10;images/cartaspaladin/15.png
686;Campeon primapantano;1;2;2;1;2;6;9;images/cartaspaladin/16.png
379;Campeona desinteresada;1;2;1;2;1;6;6;images/cartaspaladin/17.png
977;Colera sagrada;1;3;5;0;0;6;11;images/cartaspaladin/18.png
978;Colera vengativa;1;3;6;0;0;6;11;images/cartaspaladin/19.png
793;Comandante aulladora;1;2;3;2;2;6;10;images/cartaspaladin/20.png
564;Compinche malaescama;1;2;1;2;1;6;8;images/cartaspaladin/21.png
984;Consagracion;1;3;4;0;0;6;11;images/cartaspaladin/22.png
158;Consorte dragon;1;2;5;5;5;6;3;images/cartaspaladin/23.png
226;Contendiente colmillarr;1;2;5;5;5;6;4;images/cartaspaladin/24.png
228;Contrincante misterioso;1;2;6;6;6;6;4;images/cartaspaladin/25.png
795;Conviccion oscura;1;3;2;0;0;6;10;images/cartaspaladin/26.png
797;Cruzado arrogante;1;2;4;5;2;6;10;images/cartaspaladin/27.png
571;Despota de los suburbios;1;2;5;4;4;6;8;images/cartaspaladin/28.png
237;Eadric el Puro;1;2;7;3;7;6;4;images/cartaspaladin/29.png
331;El dia de los murlocs;1;3;10;0;0;6;5;images/cartaspaladin/30.png
709;El ultimo caleidosaurio;1;3;1;0;0;6;9;images/cartaspaladin/31.png
1035;Espada de Justicia;1;4;3;1;5;6;11;images/cartaspaladin/32.png
246;Espiritu competitivo;1;3;1;0;0;6;4;images/cartaspaladin/33.png
720;Estegodon imbuido de luz;1;2;4;3;4;6;9;images/cartaspaladin/34.png
1044;Favor divino;1;3;3;0;0;6;11;images/cartaspaladin/35.png
413;Fuerza divina;1;3;1;0;0;6;6;images/cartaspaladin/36.png
582;Fuga de contrabandistas;1;3;1;0;0;6;8;images/cartaspaladin/37.png
821;Guardia oscuro;1;2;6;3;9;6;10;images/cartaspaladin/38.png
72;Guardian de cobalto;1;2;5;6;3;6;2;images/cartaspaladin/39.png
1089;Guardian de los reyes;1;2;7;5;6;6;11;images/cartaspaladin/40.png
1092;Guardian del sol Tarim;1;2;6;3;7;6;11;images/cartaspaladin/41.png
338;Guardiana de Uldaman;1;2;4;3;4;6;5;images/cartaspaladin/42.png
1102;Hidrologa;1;2;2;2;2;6;11;images/cartaspaladin/43.png
427;Hoja de refuerzos;1;4;3;3;2;6;6;images/cartaspaladin/44.png
1114;Humildad;1;3;1;0;0;6;11;images/cartaspaladin/45.png
1115;Igualdad;1;3;2;0;0;6;11;images/cartaspaladin/46.png
1117;Imposicion de manos;1;3;8;0;0;6;11;images/cartaspaladin/47.png
434;Inquisidor anca vil;1;2;1;1;3;6;6;images/cartaspaladin/48.png
264;Instructor de caballos de guerra;1;2;3;2;4;6;4;images/cartaspaladin/49.png
79;Intendente;1;2;5;2;5;6;2;images/cartaspaladin/50.png
1130;Justicia de la Luz;1;4;1;1;4;6;11;images/cartaspaladin/51.png
598;Kodo de huida;1;3;1;0;0;6;8;images/cartaspaladin/52.png
1137;Lady liadrin;1;1;0;0;30;6;11;images/cartaspaladin/53.png
274;Lanza argenta;1;4;2;2;2;6;4;images/cartaspaladin/54.png
88;Llave martillo;1;4;3;2;3;6;2;images/cartaspaladin/55.png
1152;Luz sagrada;1;3;2;0;0;6;11;images/cartaspaladin/56.png
1178;Mano de proteccion;1;3;1;0;0;6;11;images/cartaspaladin/57.png
609;Mariscal de las malas calles;1;2;1;1;2;6;8;images/cartaspaladin/58.png
1184;Martillo de colera;1;3;4;0;0;6;11;images/cartaspaladin/59.png
105;Minibot escudado;1;2;2;2;2;6;2;images/cartaspaladin/60.png
1198;Montura espinosaÿ;1;3;6;0;0;6;11;images/cartaspaladin/61.png
1207;Noble sacrificio;1;3;1;0;0;6;11;images/cartaspaladin/62.png
1213;Ojo por ojo;1;3;1;0;0;6;11;images/cartaspaladin/63.png
1221;Pacificador aldor;1;2;3;3;3;6;11;images/cartaspaladin/64.png
1228;Perdidos en la jungla;1;3;1;0;0;6;11;images/cartaspaladin/65.png
846;Pesar de la Luz;1;4;4;1;4;6;10;images/cartaspaladin/66.png
529;Portal de Lunargenta;1;3;4;0;0;6;7;images/cartaspaladin/67.png
120;Preparacion para la batalla;1;3;3;0;0;6;2;images/cartaspaladin/68.png
1247;Principe arthas;1;1;0;0;30;6;11;images/cartaspaladin/69.png
1253;Protector argenta;1;2;2;2;2;6;11;images/cartaspaladin/70.png
641;Protector de los suburbios;1;2;7;6;6;6;8;images/cartaspaladin/71.png
859;Protectora justa;1;2;1;1;1;6;10;images/cartaspaladin/72.png
642;Proveedor de los suburbios;1;2;2;1;1;6;8;images/cartaspaladin/73.png
345;Prueba sagrada;1;3;1;0;0;6;5;images/cartaspaladin/74.png
121;Purificador escarlata;1;2;3;4;3;6;2;images/cartaspaladin/75.png
466;Ragnaros Senor de la Luz;1;2;8;8;8;6;6;images/cartaspaladin/76.png
1267;Rajavides;1;4;7;4;3;6;11;images/cartaspaladin/77.png
649;Reclutas de poca monta;1;3;3;0;0;6;8;images/cartaspaladin/78.png
1270;Redencion;1;3;1;0;0;6;11;images/cartaspaladin/79.png
468;Resistencia a la oscuridad;1;3;5;0;0;6;6;images/cartaspaladin/80.png
471;Sanacion prohibida;1;3;0;0;0;6;6;images/cartaspaladin/81.png
300;Sello de campeones;1;3;3;0;0;6;4;images/cartaspaladin/82.png
131;Sello de Luz;1;3;2;0;0;6;2;images/cartaspaladin/83.png
742;Tamano jurasico;1;3;8;0;0;6;9;images/cartaspaladin/84.png
534;Templaria penumbria;1;2;3;2;3;6;7;images/cartaspaladin/85.png
1313;Tirion vadin;1;2;8;6;6;6;11;images/cartaspaladin/86.png
487;Una luz en la oscuridad;1;3;2;0;0;6;6;images/cartaspaladin/87.png
885;Uther de la Espada de ebano;1;1;9;0;30;6;10;images/cartaspaladin/88.png
1327;Uther el Iluminado;1;1;0;0;30;6;11;images/cartaspaladin/89.png
29;Vengar;1;3;1;0;0;6;1;images/cartaspaladin/90.png
184;Vigilia solemne;1;3;5;0;0;6;3;images/cartaspaladin/91.png
673;Abre la puerta;2;3;1;0;0;6;9;images/cartasmago/1.png
154;Aliento de dragon;2;3;5;0;0;6;3;images/cartasmago/2.png
764;Aliento de Sindragosa;2;3;1;0;0;6;10;images/cartasmago/3.png
767;anima gelida;2;2;3;3;4;6;10;images/cartasmago/4.png
372;Anomalus;2;2;8;8;6;6;6;images/cartasmago/5.png
317;Antorcha olvidada;2;3;3;0;0;6;5;images/cartasmago/6.png
770;Aprendiza condenada;2;2;3;3;2;6;10;images/cartasmago/7.png
914;Aprendiza de hechicera;2;2;2;3;2;6;11;images/cartasmago/8.png
915;Arcanista etereo;2;2;4;3;3;6;11;images/cartasmago/9.png
680;Arcanologa;2;2;2;2;3;6;9;images/cartasmago/10.png
917;Archimago antonidas;2;2;7;5;7;6;11;images/cartasmago/11.png
320;Armadura animada;2;2;4;4;4;6;5;images/cartasmago/12.png
191;Aspirante de Dalaran;2;2;4;3;5;6;4;images/cartasmago/13.png
503;Ayuda de camara de Medivh;2;2;2;2;3;6;7;images/cartasmago/14.png
934;Barrera de hielo;2;3;3;0;0;6;11;images/cartasmago/15.png
939;Bloque de hielo;2;3;3;0;0;6;11;images/cartasmago/16.png
941;Bola de Fuego;2;3;4;0;0;6;11;images/cartasmago/17.png
782;Caminante helado;2;2;2;1;3;6;10;images/cartasmago/18.png
46;Canon de llamas;2;3;2;0;0;6;2;images/cartasmago/19.png
387;Clamaescarcha demente;2;2;4;2;4;6;6;images/cartasmago/20.png
388;Clamallamas crepuscular;2;2;3;2;2;6;6;images/cartasmago/21.png
791;Clon helado;2;3;3;0;0;6;10;images/cartasmago/22.png
695;Conexion de mana;2;3;3;0;0;6;9;images/cartasmago/23.png
326;Conjurador etereo;2;2;5;6;3;6;5;images/cartasmago/24.png
794;Conjuradora espantosa;2;2;4;2;6;6;10;images/cartasmago/25.png
983;Cono de frio;2;3;4;0;0;6;11;images/cartasmago/26.png
985;Contrahechizo;2;3;3;0;0;6;11;images/cartasmago/27.png
568;Criomantica;2;2;5;5;5;6;8;images/cartasmago/28.png
995;Deflagracion arcana;2;3;2;0;0;6;11;images/cartasmago/29.png
998;Descarga de Escarcha;2;3;2;0;0;6;11;images/cartasmago/30.png
161;Despiertallamas;2;2;3;2;4;6;3;images/cartasmago/31.png
397;Destrozar;2;3;2;0;0;6;6;images/cartasmago/32.png
235;Draco de Gelidar;2;2;6;6;6;6;4;images/cartasmago/33.png
7;Duplicar;2;3;3;0;0;6;1;images/cartasmago/34.png
58;Eco de Medivh;2;3;4;0;0;6;2;images/cartasmago/35.png
238;Efigie;2;3;3;0;0;6;4;images/cartasmago/36.png
1020;Elemental de agua;2;2;4;3;6;6;11;images/cartasmago/37.png
247;Explosion arcana;2;3;1;0;0;6;4;images/cartasmago/38.png
1047;Fogonazo;2;3;7;0;0;6;11;images/cartasmago/39.png
1065;Geiser de llamas;2;3;2;0;0;6;11;images/cartasmago/40.png
1074;Glifo primordial;2;3;2;0;0;6;11;images/cartasmago/41.png
423;Hechicera de la secta;2;2;2;3;2;6;6;images/cartasmago/42.png
261;Heroe caido;2;2;2;3;2;6;4;images/cartasmago/43.png
1121;Intelecto arcano;2;3;3;0;0;6;11;images/cartasmago/44.png
436;Invocador ignoto;2;2;6;5;5;6;6;images/cartasmago/45.png
829;Jaina la Exanime;2;1;9;0;30;6;10;images/cartasmago/46.png
1127;Jaina valiente;2;1;0;0;30;6;11;images/cartasmago/47.png
1132;Khadgar;2;1;0;0;30;6;11;images/cartasmago/48.png
601;Lacayo del Kabal;2;2;1;2;1;6;8;images/cartasmago/49.png
1138;Lanza de hielo;2;3;1;0;0;6;11;images/cartasmago/50.png
275;Lanza de llamas;2;3;5;0;0;6;4;images/cartasmago/51.png
276;Lanzahechizos;2;2;3;3;4;6;4;images/cartasmago/52.png
84;Leviatan de llamas;2;2;7;7;7;6;2;images/cartasmago/53.png
519;Libro balbuciente;2;2;1;1;1;6;7;images/cartasmago/54.png
440;Llama prohibida;2;3;0;0;0;6;6;images/cartasmago/55.png
603;Maestra caligrafa Solia;2;2;7;5;5;6;8;images/cartasmago/56.png
1165;Maga del Kirin Tor;2;2;3;4;3;6;11;images/cartasmago/57.png
94;Mago bomba goblin;2;2;4;5;4;6;2;images/cartasmago/58.png
1182;Marea de vaporÿ;2;2;4;5;4;6;11;images/cartasmago/59.png
1190;Medivh;2;1;0;0;30;6;11;images/cartasmago/60.png
1193;Meteorito;2;3;6;0;0;6;11;images/cartasmago/61.png
1194;Misiles arcanos;2;3;1;0;0;6;11;images/cartasmago/62.png
614;Misiles Arcanos superiores;2;3;7;0;0;6;8;images/cartasmago/63.png
838;Misterios glaciales;2;3;8;0;0;6;10;images/cartasmago/64.png
1208;Nova de Escarcha;2;3;3;0;0;6;11;images/cartasmago/65.png
115;Parahechizos talla S;2;2;4;2;5;6;2;images/cartasmago/66.png
1231;Piroexplosion;2;3;10;0;0;6;11;images/cartasmago/67.png
1233;Piros;2;2;2;2;2;6;11;images/cartasmago/68.png
627;Pocion de congelacion;2;3;0;0;0;6;8;images/cartasmago/69.png
633;Pocion de polimorfia;2;3;3;0;0;6;8;images/cartasmago/70.png
636;Pocion volcanica;2;3;3;0;0;6;8;images/cartasmago/71.png
1237;Polimorfia;2;3;4;0;0;6;11;images/cartasmago/72.png
289;Polimorfia jabali;2;3;3;0;0;6;4;images/cartasmago/73.png
528;Portal de las Tierras de Fuego;2;3;7;0;0;6;7;images/cartasmago/74.png
119;Portal inestable;2;3;2;0;0;6;2;images/cartasmago/75.png
648;Recadera de cristales del Kabal;2;2;6;5;5;6;8;images/cartasmago/76.png
725;Reflejo de arrabio;2;3;4;0;0;6;9;images/cartasmago/77.png
1272;Reflejo exacto;2;3;1;0;0;6;11;images/cartasmago/78.png
1273;Reflejo viviente;2;3;3;0;0;6;11;images/cartasmago/79.png
297;Rhonin;2;2;8;7;7;6;4;images/cartasmago/80.png
127;Rociador de hollin;2;2;3;3;3;6;2;images/cartasmago/81.png
877;Simulacion;2;3;3;0;0;6;10;images/cartasmago/82.png
878;Sindragosa;2;2;8;8;8;6;10;images/cartasmago/83.png
473;Sirviente de Yogg Saron;2;2;5;5;4;6;6;images/cartasmago/84.png
663;Taumaturga de almas maniaca;2;2;3;3;4;6;8;images/cartasmago/85.png
743;Tempestad fulgurante;2;2;2;2;1;6;9;images/cartasmago/86.png
483;Tomo de cabalista;2;3;5;0;0;6;6;images/cartasmago/87.png
140;Traganieve;2;2;2;2;3;6;2;images/cartasmago/88.png
1325;Tuercehechizos;2;3;3;0;0;6;11;images/cartasmago/89.png
1330;Vaporizar;2;3;3;0;0;6;11;images/cartasmago/90.png
1332;Ventisca;2;3;6;0;0;6;11;images/cartasmago/91.png
1333;Vermis de mana;2;2;1;1;3;6;11;images/cartasmago/92.png
895;Abisario;3;2;1;1;3;6;11;images/cartasbrujo/1.png
376;Bibliotecaria de Villa Oscura;3;2;2;3;2;6;6;images/cartasbrujo/2.png
38;Bomba oscuraÿ;3;3;2;0;0;6;2;images/cartasbrujo/3.png
555;Boticario ilegal;3;2;3;5;5;6;8;images/cartasbrujo/4.png
323;Buscadora de reliquias;3;2;1;1;1;6;5;images/cartasbrujo/5.png
206;Caballero del mal diminuto;3;2;2;3;2;6;4;images/cartasbrujo/6.png
687;Can manafago Lakkari;3;2;4;3;8;6;9;images/cartasbrujo/7.png
47;Canon vil;3;2;4;3;5;6;2;images/cartasbrujo/8.png
958;Captar demonios;3;3;3;0;0;6;11;images/cartasbrujo/9.png
385;Chogall;3;2;7;7;7;6;6;images/cartasbrujo/10.png
5;Clamavacio;3;2;4;3;4;6;1;images/cartasbrujo/11.png
157;Colera demoniaca;3;3;3;0;0;6;3;images/cartasbrujo/12.png
389;Concejal de Villa Oscura;3;2;3;1;5;6;6;images/cartasbrujo/13.png
51;Corazon demoniaco;3;3;5;0;0;6;2;images/cartasbrujo/14.png
230;Corcel nefasto;3;2;4;1;1;6;4;images/cartasbrujo/15.png
987;Corrupcion;3;3;1;0;0;6;11;images/cartasbrujo/16.png
999;Descarga de las Sombras;3;3;3;0;0;6;11;images/cartasbrujo/17.png
570;Despota abisal;3;2;7;6;6;6;8;images/cartasbrujo/18.png
1003;Diablillo de llamas;3;2;1;3;2;6;11;images/cartasbrujo/19.png
509;Diablillo de Malchezaar;3;2;1;1;3;6;7;images/cartasbrujo/20.png
1004;Diablillo sangriento;3;2;1;0;1;6;11;images/cartasbrujo/21.png
572;Diablo marino aguijonero;3;2;4;4;2;6;8;images/cartasbrujo/22.png
705;Dinomantica cruel;3;2;6;5;5;6;9;images/cartasbrujo/23.png
802;Drenar alma;3;3;2;0;0;6;10;images/cartasbrujo/24.png
1015;Drenar vida;3;3;3;0;0;6;11;images/cartasbrujo/25.png
1036;Espiral mortal;3;3;1;0;0;6;11;images/cartasbrujo/26.png
61;Explosion de diablillos;3;3;4;0;0;6;2;images/cartasbrujo/27.png
1052;Fuego de alma;3;3;1;0;0;6;11;images/cartasbrujo/28.png
1053;Fuego demoniaco;3;3;2;0;0;6;11;images/cartasbrujo/29.png
252;Fusion demoniaca;3;3;2;0;0;6;4;images/cartasbrujo/30.png
818;Gnomosferatu;3;2;2;2;3;6;10;images/cartasbrujo/31.png
71;Golem de animal;3;2;6;9;9;6;2;images/cartasbrujo/32.png
514;Golem de la vajilla;3;2;3;3;3;6;7;images/cartasbrujo/33.png
1086;Guardia apocaliptico;3;2;5;5;7;6;11;images/cartasbrujo/34.png
258;Guardia apocaliptico aterrador;3;2;7;6;8;6;4;images/cartasbrujo/35.png
259;Guardia de colera;3;2;2;4;3;6;4;images/cartasbrujo/36.png
1087;Guardia vil;3;2;3;3;5;6;11;images/cartasbrujo/37.png
1094;Guldan;3;1;0;0;30;6;11;images/cartasbrujo/38.png
822;Guldan saqueasangre;3;1;10;0;30;6;10;images/cartasbrujo/39.png
420;Habitante poseido;3;2;1;1;1;6;6;images/cartasbrujo/40.png
1111;Hora de comer;3;3;5;0;0;6;11;images/cartasbrujo/41.png
1118;Infernal aterrador;3;2;6;6;6;6;11;images/cartasbrujo/42.png
171;Jefe de la banda de diablillos;3;2;3;2;4;6;3;images/cartasbrujo/43.png
831;Juerguista sanguinario;3;2;1;1;1;6;10;images/cartasbrujo/44.png
496;Kara kazham;3;3;5;0;0;6;7;images/cartasbrujo/89.png
599;Krul el Desatado;3;2;9;7;9;6;8;images/cartasbrujo/45.png
1144;Llama de las Sombras;3;3;4;0;0;6;11;images/cartasbrujo/46.png
1145;Llamas infernales;3;3;4;0;0;6;11;images/cartasbrujo/47.png
443;Locura contagiosa;3;3;3;0;0;6;6;images/cartasbrujo/48.png
1149;Lord jaraxxus;3;2;9;3;15;6;11;images/cartasbrujo/49.png
1154;Madrezarpa zavas;3;2;2;2;2;6;11;images/cartasbrujo/50.png
91;Maestra de dolor;3;2;2;1;4;6;2;images/cartasbrujo/51.png
834;Malaullido;3;2;3;3;6;6;10;images/cartasbrujo/53.png
342;Maldicion de Rafaam;3;3;2;0;0;6;5;images/cartasbrujo/54.png
95;MalGanis;3;2;9;9;7;6;2;images/cartasbrujo/52.png
1206;Niebla corruptora;3;3;2;0;0;6;11;images/cartasbrujo/55.png
362;Perdicion;3;3;10;0;0;6;6;images/cartasbrujo/90.png
844;Perfidia;3;3;3;0;0;6;10;images/cartasbrujo/56.png
1229;Petalo de sangre;3;3;2;0;0;6;11;images/cartasbrujo/57.png
628;Pocion de explosion cristalina;3;3;4;0;0;6;8;images/cartasbrujo/58.png
630;Pocion de fuego vil;3;3;6;0;0;6;8;images/cartasbrujo/59.png
631;Pocion de furia sangrienta;3;3;3;0;0;6;8;images/cartasbrujo/60.png
1235;Poder sobrecogedor;3;3;1;0;0;6;11;images/cartasbrujo/61.png
1242;Portal de invocacion;3;2;4;0;4;6;11;images/cartasbrujo/62.png
856;Profanar;3;3;2;0;0;6;10;images/cartasbrujo/63.png
1256;Pterrordactilo voraz;3;2;4;4;4;6;11;images/cartasbrujo/64.png
291;Puno de Jaraxxus;3;3;4;0;0;6;4;images/cartasbrujo/65.png
862;Reina de Sangre Lanathel;3;2;5;1;6;6;10;images/cartasbrujo/66.png
467;Renuncia a la oscuridad;3;3;2;0;0;6;6;images/cartasbrujo/67.png
469;Ritual prohibido;3;3;0;0;0;6;6;images/cartasbrujo/68.png
733;Rondador de alquitran;3;2;5;1;7;6;9;images/cartasbrujo/69.png
869;Sacrificio involuntario;3;3;3;0;0;6;10;images/cartasbrujo/70.png
734;Sacrificio lakkari;3;3;1;0;0;6;9;images/cartasbrujo/71.png
1288;Sacrificio pactado;3;3;0;0;0;6;11;images/cartasbrujo/72.png
1298;Senor del foso;3;2;4;5;6;6;11;images/cartasbrujo/73.png
874;Senor del terror infame;3;2;5;4;5;6;10;images/cartasbrujo/74.png
1304;Succionar alma;3;3;6;0;0;6;11;images/cartasbrujo/75.png
1305;Sucubo;3;2;2;4;3;6;11;images/cartasbrujo/76.png
664;Tejecristales;3;2;4;5;4;6;8;images/cartasbrujo/77.png
1309;Terror de fatalidad;3;3;5;0;0;6;11;images/cartasbrujo/78.png
1310;Terror del vacio;3;2;3;3;3;6;11;images/cartasbrujo/79.png
665;Traficante del Kabal;3;2;6;6;6;6;8;images/cartasbrujo/80.png
306;Trato oscuro;3;3;6;0;0;6;4;images/cartasbrujo/81.png
307;Triturador del vacio;3;2;6;5;4;6;4;images/cartasbrujo/82.png
749;Tuneladora chasqueante;3;2;3;3;3;6;9;images/cartasbrujo/83.png
486;Ujier de almas;3;2;5;5;6;6;6;images/cartasbrujo/84.png
1328;Vacio abisal;3;3;8;0;0;6;11;images/cartasbrujo/85.png
361;Vendedor oscuro;3;2;2;2;2;6;5;images/cartasbrujo/86.png
149;Vigia flotante;3;2;5;4;4;6;2;images/cartasbrujo/87.png
314;Wilfred chispobang;3;2;6;4;4;6;4;images/cartasbrujo/88.png
906;Alma del bosque;4;3;4;0;0;6;11;images/cartasdruida/1.png
678;Anaconda gigante;4;2;7;5;3;6;9;images/cartasdruida/2.png
909;Anciano de la guerra;4;2;7;5;5;6;11;images/cartasdruida/3.png
910;Anciano del Conocimiento;4;2;7;5;5;6;11;images/cartasdruida/4.png
371;Anciano prohibido;4;2;1;1;1;6;6;images/cartasdruida/5.png
373;Arakkoa oscuro;4;2;6;5;7;6;6;images/cartasdruida/6.png
33;arbol de vida;4;3;9;0;0;6;2;images/cartasdruida/7.png
192;Aspirante de Darnassus;4;2;2;2;3;6;4;images/cartasdruida/8.png
197;Aviana;4;2;9;5;5;6;4;images/cartasdruida/9.png
554;Behemoth de jade;4;2;6;3;6;6;8;images/cartasdruida/10.png
556;Brote de jade;4;3;3;0;0;6;8;images/cartasdruida/11.png
204;Caballero de lo Salvaje;4;2;7;6;6;6;4;images/cartasdruida/12.png
43;Cachorro robot anodizado;4;2;2;2;2;6;2;images/cartasdruida/13.png
210;Caminante silvana;4;2;4;4;4;6;4;images/cartasdruida/14.png
786;Carronero caparaescudo;4;2;4;2;3;6;10;images/cartasdruida/15.png
507;Celadora de la Sala de las Fieras;4;2;6;5;5;6;7;images/cartasdruida/16.png
965;Cenarius;4;2;9;5;8;6;11;images/cartasdruida/17.png
975;Colera;4;3;2;0;0;6;11;images/cartasdruida/18.png
220;Combatiente salvaje;4;2;4;5;4;6;4;images/cartasdruida/19.png
222;Comunion astral;4;3;4;0;0;6;4;images/cartasdruida/20.png
694;Conchacambiante;4;2;4;3;3;6;9;images/cartasdruida/21.png
990;Crecimiento salvaje;4;3;2;0;0;6;11;images/cartasdruida/22.png
697;Cuellolargo anciano;4;2;3;5;1;6;9;images/cartasdruida/23.png
698;Cuellolargo verdeante;4;2;5;5;4;6;9;images/cartasdruida/24.png
508;Cuervo encantado;4;2;1;2;2;6;7;images/cartasdruida/25.png
52;Cuidadora de arboleda;4;2;3;2;4;6;2;images/cartasdruida/26.png
166;Druida de la Llama;4;2;3;2;2;6;3;images/cartasdruida/27.png
1016;Druida de la Zarpa;4;2;5;4;4;6;11;images/cartasdruida/28.png
236;Druida de los sables;4;2;2;2;1;6;4;images/cartasdruida/29.png
57;Druida del Colmillo;4;2;5;4;4;6;2;images/cartasdruida/30.png
803;Druida del enjambre;4;2;2;1;2;6;10;images/cartasdruida/31.png
716;Escamas terraneas;4;3;1;0;0;6;9;images/cartasdruida/32.png
717;Esporas evolutivas;4;3;4;0;0;6;9;images/cartasdruida/33.png
1040;Estimular;4;3;0;0;0;6;11;images/cartasdruida/34.png
409;Fandral corzocelada;4;2;4;3;5;6;6;images/cartasdruida/35.png
1046;Flagelo;4;3;4;0;0;6;11;images/cartasdruida/36.png
1050;Forrajeadora tortoliana;4;2;2;2;2;6;11;images/cartasdruida/37.png
1054;Fuego estelar;4;3;6;0;0;6;11;images/cartasdruida/38.png
1057;Fuego lunar;4;3;0;0;0;6;11;images/cartasdruida/39.png
412;Fuegos fatuos de los dioses antiguos;4;3;7;0;0;6;6;images/cartasdruida/40.png
1059;Fuerza de la Naturaleza;4;3;5;0;0;6;11;images/cartasdruida/41.png
1073;Gigantes de la selva;4;3;1;0;0;6;11;images/cartasdruida/42.png
1088;Guardian de la arboleda;4;2;4;2;2;6;11;images/cartasdruida/43.png
825;Hadronox;4;2;9;3;7;6;10;images/cartasdruida/44.png
590;idolo de jade;4;3;1;0;0;6;8;images/cartasdruida/45.png
339;idolo del cuervo;4;3;1;0;0;6;5;images/cartasdruida/46.png
828;Infestacion definitiva;4;3;10;0;0;6;10;images/cartasdruida/47.png
600;Kun el Rey olvidado;4;2;10;7;7;6;8;images/cartasdruida/48.png
340;Lechucico de la selva;4;2;4;4;4;6;5;images/cartasdruida/49.png
1146;Lluvia de estrellas;4;3;5;0;0;6;11;images/cartasdruida/50.png
833;Machacar;4;3;3;0;0;6;10;images/cartasdruida/51.png
173;Maderero volcanico;4;2;9;7;8;6;3;images/cartasdruida/52.png
835;Malfurion el Pestilente;4;1;7;0;30;6;10;images/cartasdruida/53.png
1174;Malfurion tempestira;4;1;0;0;30;6;11;images/cartasdruida/54.png
96;Malorne;4;2;7;9;7;6;2;images/cartasdruida/55.png
1176;Mana vivienteÿ;4;3;5;0;0;6;11;images/cartasdruida/56.png
1179;Marca de la Naturaleza;4;3;3;0;0;6;11;images/cartasdruida/57.png
1180;Marca de lo Salvaje;4;3;2;0;0;6;11;images/cartasdruida/58.png
446;Marca de YShaarj;4;3;2;0;0;6;6;images/cartasdruida/59.png
608;Marca del Loto;4;3;1;0;0;6;8;images/cartasdruida/60.png
102;Meca oso felino;4;2;6;7;6;6;2;images/cartasdruida/61.png
1199;Mordedura;4;3;4;0;0;6;11;images/cartasdruida/62.png
1204;Naturalizar;4;3;1;0;0;6;11;images/cartasdruida/63.png
1211;Nutrir;4;3;5;0;0;6;11;images/cartasdruida/64.png
454;Osa parda perturbada;4;2;3;2;2;6;6;images/cartasdruida/65.png
849;Peste contagiosa;4;3;5;0;0;6;10;images/cartasdruida/66.png
1234;Poder de lo Salvaje;4;3;2;0;0;6;11;images/cartasdruida/67.png
637;Poder robado;4;3;3;0;0;6;8;images/cartasdruida/68.png
525;Portal de Claro de la Luna;4;3;6;0;0;6;7;images/cartasdruida/69.png
1254;Protector cortezaferrea;4;2;8;8;8;6;11;images/cartasdruida/70.png
464;Rabia feral;4;3;3;0;0;6;6;images/cartasdruida/71.png
292;Raices vivas;4;3;1;0;0;6;4;images/cartasdruida/72.png
347;Raptor montado;4;2;3;3;2;6;5;images/cartasdruida/73.png
122;Reciclar;4;3;6;0;0;6;2;images/cartasdruida/74.png
1283;Rugido salvaje;4;3;3;0;0;6;11;images/cartasdruida/75.png
1289;Salvajismo;4;3;1;0;0;6;11;images/cartasdruida/76.png
22;Semillas venenosas;4;3;4;0;0;6;1;images/cartasdruida/77.png
872;Senor de la cripta;4;2;3;1;6;6;10;images/cartasdruida/78.png
657;Sensei mur;4;2;5;4;5;6;8;images/cartasdruida/79.png
661;Sonadora celestial;4;2;3;3;3;6;8;images/cartasdruida/80.png
302;Sucesion;4;3;3;0;0;6;4;images/cartasdruida/81.png
134;Susurros oscuros;4;3;6;0;0;6;2;images/cartasdruida/82.png
479;Tejeambar klaxxi;4;2;4;4;5;6;6;images/cartasdruida/83.png
880;Tejesino;4;2;5;5;3;6;10;images/cartasdruida/84.png
881;Telarana;4;3;5;0;0;6;10;images/cartasdruida/85.png
1314;Toque de sanacion;4;3;3;0;0;6;11;images/cartasdruida/86.png
750;Tyrantus;4;2;10;12;12;6;9;images/cartasdruida/87.png
492;Vigilante del cenagal;4;2;4;3;3;6;6;images/cartasdruida/88.png
671;Visiones lunares;4;3;5;0;0;6;8;images/cartasdruida/89.png
1342;Zarpa;4;3;1;0;0;6;11;images/cartasdruida/90.png
542;A dormir con los peces;5;3;2;0;0;6;8;images/cartasguerrero/1.png
543;Abogado de oficio;5;2;2;0;7;6;8;images/cartasguerrero/2.png
769;Aparecido de ultratumba;5;2;5;3;3;6;10;images/cartasguerrero/3.png
921;Armera de Arathi;5;2;4;3;3;6;11;images/cartasguerrero/4.png
193;Aspirante de Orgrimmar;5;2;3;3;3;6;4;images/cartasguerrero/5.png
502;Aterralelos;5;4;5;3;4;6;7;images/cartasguerrero/6.png
195;Atracamar;5;2;6;6;7;6;4;images/cartasguerrero/7.png
931;Aullavisceras;5;4;7;7;1;6;11;images/cartasguerrero/8.png
683;Avizora arrinconada;5;2;2;2;6;6;9;images/cartasguerrero/9.png
198;Azote;5;3;3;0;0;6;4;images/cartasguerrero/10.png
940;Bloquear con escudo;5;3;3;0;0;6;11;images/cartasguerrero/11.png
949;Camorra;5;3;5;0;0;6;11;images/cartasguerrero/12.png
215;Campeona de Alexstrasza;5;2;2;2;3;6;4;images/cartasguerrero/13.png
955;Capataz cruel;5;2;2;2;2;6;11;images/cartasguerrero/14.png
785;Caraputrea;5;2;8;4;6;6;10;images/cartasguerrero/15.png
959;Cargar;5;3;1;0;0;6;11;images/cartasguerrero/16.png
562;Chatarrero mugriento;5;2;4;4;3;6;8;images/cartasguerrero/17.png
789;Clamaalmas valkyr;5;2;3;1;4;6;10;images/cartasguerrero/18.png
980;Comandante Grito de Guerra;5;2;3;2;3;6;11;images/cartasguerrero/19.png
221;Companero de entrenamiento;5;2;2;3;2;6;4;images/cartasguerrero/20.png
565;Conozco a un tipo;5;3;1;0;0;6;8;images/cartasguerrero/21.png
390;Contramaestre de NZoth;5;2;1;1;1;6;6;images/cartasguerrero/22.png
696;Corazon pluma ardiente;5;3;1;0;0;6;9;images/cartasguerrero/23.png
699;Cuernoatroz malhumorado;5;2;6;5;5;6;9;images/cartasguerrero/24.png
395;Cultora velasangre;5;2;3;3;4;6;6;images/cartasguerrero/25.png
396;De sangre a icor;5;3;1;0;0;6;6;images/cartasguerrero/26.png
232;Defensor del rey;5;4;3;3;2;6;4;images/cartasguerrero/27.png
1001;Desenfreno;5;3;2;0;0;6;11;images/cartasguerrero/28.png
329;Destructor obsidiano;5;2;7;7;7;6;5;images/cartasguerrero/29.png
55;Doncella escudera;5;2;6;5;5;6;2;images/cartasguerrero/30.png
1018;Ejecutar;5;3;2;0;0;6;11;images/cartasguerrero/31.png
1025;elite korkron;5;2;4;4;3;6;11;images/cartasguerrero/32.png
1027;Embate;5;3;2;0;0;6;11;images/cartasguerrero/33.png
1028;Embate con escudo;5;3;1;0;0;6;11;images/cartasguerrero/34.png
335;Espada maldita;5;4;1;2;3;6;5;images/cartasguerrero/35.png
1042;Explorar ungoro;5;3;2;0;0;6;11;images/cartasguerrero/36.png
811;Filo sangriento;5;4;4;2;2;6;10;images/cartasguerrero/37.png
813;Forja de almas;5;3;2;0;0;6;10;images/cartasguerrero/38.png
580;Forjadora callejera;5;2;5;2;7;6;8;images/cartasguerrero/39.png
1048;Forjadora de armaduras;5;2;2;1;4;6;11;images/cartasguerrero/40.png
1063;Garrosh grito infernal;5;1;0;0;30;6;11;images/cartasguerrero/41.png
1067;Genesis repentina;5;3;5;0;0;6;11;images/cartasguerrero/42.png
68;Gigante ferreo;5;2;6;6;5;6;2;images/cartasguerrero/43.png
1079;Golpe heroico;5;3;2;0;0;6;11;images/cartasguerrero/44.png
1080;Golpe mortal;5;3;4;0;0;6;11;images/cartasguerrero/45.png
1082;Grito de orden;5;3;2;0;0;6;11;images/cartasguerrero/46.png
1083;Grommash grito infernal;5;2;8;4;9;6;11;images/cartasguerrero/47.png
73;Guerra bot;5;2;1;1;3;6;2;images/cartasguerrero/48.png
418;Guerreros de sangre;5;3;3;0;0;6;6;images/cartasguerrero/49.png
1096;Hacha de guerra ignea;5;4;2;3;2;6;11;images/cartasguerrero/50.png
588;Hobart martillazos;5;2;2;2;2;6;8;images/cartasguerrero/51.png
1106;Hoja de arrabio;5;4;1;1;1;6;11;images/cartasguerrero/52.png
76;Hoja rebotadora;5;3;3;0;0;6;2;images/cartasguerrero/53.png
1124;Ira de batalla;5;3;2;0;0;6;11;images/cartasguerrero/54.png
1125;Ira interna;5;3;0;0;0;6;11;images/cartasguerrero/55.png
172;Lanzador de hachas;5;2;4;2;5;6;3;images/cartasguerrero/56.png
90;Machaque;5;3;7;0;0;6;2;images/cartasguerrero/57.png
281;Magnatauro alfa;5;2;4;5;3;6;4;images/cartasguerrero/58.png
1166;Magni barbabronce;5;1;0;0;30;6;11;images/cartasguerrero/59.png
445;Malkorok;5;2;7;6;5;6;6;images/cartasguerrero/60.png
836;Mano del muerto;5;3;2;0;0;6;10;images/cartasguerrero/61.png
97;Maquina de asedio;5;2;5;5;5;6;2;images/cartasguerrero/62.png
100;Mazo de guerra ogro;5;4;3;4;2;6;2;images/cartasguerrero/63.png
893;Mejora;5;3;1;0;0;6;11;images/cartasguerrero/64.png
613;Mercancia robada;5;3;2;0;0;6;8;images/cartasguerrero/65.png
343;Mono feroz;5;2;3;3;4;6;5;images/cartasguerrero/66.png
451;Necrofago devastador;5;2;3;3;3;6;6;images/cartasguerrero/67.png
618;Nudillos de laton;5;4;4;2;3;6;8;images/cartasguerrero/68.png
20;Picadura de la Muerte;5;4;4;4;2;6;1;images/cartasguerrero/69.png
1230;Piel de aceroÿ;5;3;1;0;0;6;11;images/cartasguerrero/70.png
459;Portaescudos ancestral;5;2;7;6;6;6;6;images/cartasguerrero/71.png
526;Portal de Forjaz;5;3;5;0;0;6;7;images/cartasguerrero/72.png
639;Prestamista de los suburbios;5;2;3;3;3;6;8;images/cartasguerrero/73.png
1250;Prole de cuernoatroz;5;2;5;3;6;6;11;images/cartasguerrero/74.png
858;Protector rocafuego;5;2;3;4;3;6;10;images/cartasguerrero/75.png
497;Proteged al Rey;5;3;3;0;0;6;7;images/cartasguerrero/76.png
860;Rabioso animado;5;2;1;1;3;6;10;images/cartasguerrero/77.png
1262;Rabioso demente;5;2;3;2;4;6;11;images/cartasguerrero/78.png
1266;Rajar;5;3;2;0;0;6;11;images/cartasguerrero/79.png
295;Reforzar;5;3;2;0;0;6;4;images/cartasguerrero/80.png
180;Revancha;5;3;2;0;0;6;3;images/cartasguerrero/81.png
730;Rey mosh;5;2;9;9;7;6;9;images/cartasguerrero/82.png
1296;Segadora de arcanita;5;4;5;5;2;6;11;images/cartasguerrero/83.png
737;Senor de alquitran;5;2;7;1;11;6;9;images/cartasguerrero/84.png
873;Senor de la Plaga Garrosh;5;1;8;0;30;6;10;images/cartasguerrero/85.png
758;Sin miedo;5;3;2;0;0;6;10;images/cartasguerrero/86.png
482;Tentaculos por armas;5;4;5;2;2;6;6;images/cartasguerrero/87.png
1315;Torbellino;5;3;1;0;0;6;11;images/cartasguerrero/88.png
142;Trasto llavetorno;5;2;4;2;5;6;2;images/cartasguerrero/89.png
488;Valiente Pezuna de Sangre;5;2;4;2;6;6;6;images/cartasguerrero/90.png
310;Varian wrynn;5;2;10;7;7;6;4;images/cartasguerrero/91.png
363;Abraza las sombra;6;3;2;0;0;6;6;images/cartassacerdote/1.png
761;Abrazar la oscuridad;6;3;6;0;0;6;10;images/cartassacerdote/2.png
366;Acolita encapuchada;6;2;4;3;6;6;6;images/cartassacerdote/3.png
762;Acolito de agonia;6;2;3;3;3;6;10;images/cartassacerdote/4.png
186;Agente del Reposo del Dragon;6;2;2;1;4;6;4;images/cartassacerdote/5.png
499;Alfil onice;6;2;5;3;4;6;7;images/cartassacerdote/6.png
369;Alquimista de Villa Oscura;6;2;5;4;5;6;6;images/cartassacerdote/7.png
766;Anduin siegasombras;6;1;8;0;30;6;10;images/cartassacerdote/8.png
911;Anduin wrynn;6;1;0;0;30;6;11;images/cartassacerdote/9.png
773;Arzobispo benedictus;6;2;7;4;6;6;10;images/cartassacerdote/10.png
774;Ascendiente sombria;6;2;2;2;2;6;10;images/cartassacerdote/11.png
37;Bomba de luz;6;3;6;0;0;6;2;images/cartassacerdote/12.png
39;Bombardera de Sombras;6;2;1;2;1;6;2;images/cartassacerdote/13.png
41;Boxeador de las Sombrasÿ;6;2;2;2;3;6;2;images/cartassacerdote/14.png
216;Campeona sagrada;6;2;4;3;5;6;4;images/cartassacerdote/15.png
969;Circulo de sanacion;6;3;0;0;0;6;11;images/cartassacerdote/16.png
692;Clamaespejismos;6;2;3;2;3;6;9;images/cartassacerdote/17.png
972;Cleriga de Villanorte;6;2;1;1;3;6;11;images/cartassacerdote/18.png
223;Confesora cabelloclaro;6;2;7;5;4;6;4;images/cartassacerdote/19.png
224;Confundir;6;3;2;0;0;6;4;images/cartassacerdote/20.png
327;Conservador del museo;6;2;2;1;2;6;5;images/cartassacerdote/21.png
986;Control mental;6;3;10;0;0;6;11;images/cartassacerdote/22.png
229;Convertir;6;3;2;0;0;6;4;images/cartassacerdote/23.png
160;Cria crepuscular;6;2;1;2;1;6;3;images/cartassacerdote/24.png
6;Cultor oscuro;6;2;3;3;4;6;1;images/cartassacerdote/25.png
996;Demencia oscura;6;3;4;0;0;6;11;images/cartassacerdote/26.png
702;Despierta a los creadores;6;3;1;0;0;6;9;images/cartassacerdote/27.png
1002;Despota del templo;6;2;6;6;6;6;11;images/cartassacerdote/28.png
800;Devorar mente;6;3;5;0;0;6;10;images/cartassacerdote/29.png
1006;Disipacion en masa;6;3;4;0;0;6;11;images/cartassacerdote/30.png
59;El elegido de Velen;6;3;3;0;0;6;2;images/cartassacerdote/31.png
712;Elemental radiante;6;2;2;2;3;6;9;images/cartassacerdote/32.png
243;Engendro de las Sombras;6;2;4;5;4;6;4;images/cartassacerdote/33.png
1031;Engendro de luz;6;2;4;0;5;6;11;images/cartassacerdote/34.png
407;Ensalmadora oscura Crepuscular;6;2;5;6;5;6;6;images/cartassacerdote/35.png
806;Esencia sombria;6;3;6;0;0;6;10;images/cartassacerdote/36.png
1038;Espiritu divino;6;3;2;0;0;6;11;images/cartassacerdote/37.png
809;Estatua de obsidiana;6;2;9;4;8;6;10;images/cartassacerdote/38.png
1043;Explosion mental;6;3;2;0;0;6;11;images/cartassacerdote/39.png
1049;Forma de las Sombras;6;3;3;0;0;6;11;images/cartassacerdote/40.png
410;Forma prohibida;6;3;0;0;0;6;6;images/cartassacerdote/41.png
1056;Fuego interno;6;3;1;0;0;6;11;images/cartassacerdote/42.png
1058;Fuego sagrado;6;3;6;0;0;6;11;images/cartassacerdote/43.png
587;Geoda de mana;6;2;2;2;3;6;8;images/cartassacerdote/44.png
424;Heraldo volazj;6;2;6;5;5;6;6;images/cartassacerdote/45.png
1129;Juegos mentales;6;3;4;0;0;6;11;images/cartassacerdote/46.png
1151;Lumirraiz curioso;6;2;3;3;3;6;11;images/cartassacerdote/47.png
89;Luz de los naaru;6;3;1;0;0;6;2;images/cartassacerdote/48.png
1153;Lyra fragmento solar;6;2;5;3;5;6;11;images/cartassacerdote/49.png
93;Maestro encogedor;6;2;2;3;2;6;2;images/cartassacerdote/50.png
341;Mal desenterrado;6;3;5;0;0;6;5;images/cartassacerdote/51.png
283;Maligno de las Sombras;6;2;3;3;3;6;4;images/cartassacerdote/52.png
1209;Nova sagrada;6;3;5;0;0;6;11;images/cartassacerdote/53.png
621;Operativo draconido;6;2;5;5;6;6;8;images/cartassacerdote/54.png
1215;Oraculo cristalino;6;2;1;1;1;6;11;images/cartassacerdote/55.png
455;Palabra de las Sombras horror;6;3;4;0;0;6;6;images/cartassacerdote/56.png
1222;Palabra de poder escudo;6;3;1;0;0;6;11;images/cartassacerdote/57.png
287;Palabra de poder gloria;6;3;1;0;0;6;4;images/cartassacerdote/58.png
456;Palabra de poder tentaculos;6;3;5;0;0;6;6;images/cartassacerdote/59.png
1223;Palabra de Sombras dolor;6;3;2;0;0;6;11;images/cartassacerdote/60.png
1224;Palabra de Sombras muerte;6;3;3;0;0;6;11;images/cartassacerdote/61.png
629;Pocion de fuego de dragon;6;3;6;0;0;6;8;images/cartassacerdote/62.png
632;Pocion de locura;6;3;1;0;0;6;8;images/cartassacerdote/63.png
634;Pocion de sanacion superior;6;3;4;0;0;6;8;images/cartassacerdote/64.png
635;Pocion tamano bolsillo;6;3;1;0;0;6;8;images/cartassacerdote/65.png
1243;Pozo de Luz;6;2;2;0;5;6;11;images/cartassacerdote/66.png
1249;Profeta velen;6;2;7;7;7;6;11;images/cartassacerdote/67.png
1257;Punicion sagrada;6;3;1;0;0;6;11;images/cartassacerdote/68.png
531;Purificar;6;3;2;0;0;6;7;images/cartassacerdote/69.png
647;Raza el Encadenado;6;2;5;5;5;6;8;images/cartassacerdote/70.png
724;Recien salido del ambar;6;3;8;0;0;6;9;images/cartassacerdote/71.png
863;Restallido espiritual;6;3;2;0;0;6;10;images/cartassacerdote/72.png
179;Resurreccion;6;3;2;0;0;6;3;images/cartassacerdote/73.png
652;Robacantos del Kabal;6;2;5;5;5;6;8;images/cartassacerdote/74.png
1279;Robo de ideas;6;3;3;0;0;6;11;images/cartassacerdote/75.png
126;Robot de reparacion mejorado;6;2;5;5;5;6;2;images/cartassacerdote/76.png
653;Sacerdote de la garra del Kabal;6;2;3;3;4;6;8;images/cartassacerdote/77.png
533;Sacerdote del festin;6;2;4;3;6;6;7;images/cartassacerdote/78.png
1284;Sacerdotisa auchenai;6;2;4;3;5;6;11;images/cartassacerdote/79.png
1286;Sacerdotisa de la Cabala;6;2;6;4;5;6;11;images/cartassacerdote/80.png
736;Sanacion conjunta;6;3;1;0;0;6;9;images/cartassacerdote/81.png
299;Sanacion relampago;6;3;1;0;0;6;4;images/cartassacerdote/82.png
353;Sepultar;6;3;6;0;0;6;5;images/cartassacerdote/83.png
876;Servidumbre eterna;6;3;4;0;0;6;10;images/cartassacerdote/84.png
1300;Silencio;6;3;0;0;0;6;11;images/cartassacerdote/85.png
475;Sombra cambiante;6;2;4;4;3;6;6;images/cartassacerdote/86.png
740;Sombras;6;3;2;0;0;6;9;images/cartassacerdote/87.png
744;Tortoliana escudada;6;2;4;2;6;6;9;images/cartassacerdote/88.png
1326;Tyrande susurravientos;6;1;0;0;30;6;11;images/cartassacerdote/89.png
1339;Vision mental;6;3;1;0;0;6;11;images/cartassacerdote/90.png
150;Voljin;6;2;5;6;2;6;2;images/cartassacerdote/91.png
902;AlAkir Senor del Viento;7;2;8;3;5;6;11;images/cartaschaman/1.png
913;Ansia de sangre;7;3;5;0;0;6;11;images/cartaschaman/2.png
768;Aojadora vudu;7;2;5;2;7;6;10;images/cartaschaman/3.png
920;Arma muerdepiedras;7;3;2;0;0;6;11;images/cartaschaman/4.png
776;Avalancha;7;3;4;0;0;6;10;images/cartaschaman/5.png
779;Brrrloc;7;2;2;2;2;6;10;images/cartaschaman/6.png
559;Cabecilla de jade;7;2;7;5;5;6;8;images/cartaschaman/7.png
44;Caminaespiritus cienaleta;7;2;4;2;5;6;2;images/cartaschaman/8.png
691;Centinela de piedra;7;2;7;4;4;6;9;images/cartaschaman/9.png
383;Centinela eterno;7;2;2;3;2;6;6;images/cartaschaman/10.png
48;Chaman machacaduna;7;2;4;5;4;6;2;images/cartaschaman/11.png
50;Chisporroteo;7;3;2;0;0;6;2;images/cartaschaman/12.png
967;Choque de Escarcha;7;3;1;0;0;6;11;images/cartaschaman/13.png
155;Choque de lava;7;3;2;0;0;6;3;images/cartaschaman/14.png
968;Choque de tierra;7;3;1;0;0;6;11;images/cartaschaman/15.png
218;Colmillarr totemico;7;2;3;3;2;6;4;images/cartaschaman/16.png
225;Conocimiento ancestral;7;3;2;0;0;6;4;images/cartaschaman/17.png
391;Cosa de las profundidades;7;2;6;5;5;6;6;images/cartaschaman/18.png
796;Crioestasis;7;3;2;0;0;6;10;images/cartaschaman/19.png
798;Defensor drakkari;7;2;3;2;8;6;10;images/cartaschaman/20.png
1000;Descarga de relampagos;7;3;1;0;0;6;11;images/cartaschaman/21.png
233;Destruccion elemental;7;3;3;0;0;6;4;images/cartaschaman/22.png
162;Destructor guardia de fuego;7;2;4;3;6;6;3;images/cartaschaman/23.png
1005;Diablo de polvo;7;2;1;3;1;6;11;images/cartaschaman/24.png
54;Disparomatica giratoria;7;2;2;3;2;6;2;images/cartaschaman/25.png
708;Eco de espiritu;7;3;3;0;0;6;9;images/cartaschaman/26.png
240;El clamaneblina;7;2;6;4;4;6;4;images/cartaschaman/27.png
710;Elemental de aire;7;2;1;2;1;6;9;images/cartaschaman/28.png
1022;Elemental de fuego;7;2;6;6;5;6;11;images/cartaschaman/29.png
1023;Elemental de tierra;7;2;5;7;8;6;11;images/cartaschaman/30.png
1024;Elemental desatado;7;2;3;2;4;6;11;images/cartaschaman/31.png
332;Elemental resonador;7;2;4;2;6;6;5;images/cartaschaman/32.png
1037;Espiritu ancestral;7;3;2;0;0;6;11;images/cartaschaman/33.png
1039;Espiritu feral;7;3;3;0;0;6;11;images/cartaschaman/34.png
408;Evolucionar;7;3;1;0;0;6;6;images/cartaschaman/35.png
411;Fragor del trueno;7;3;2;0;0;6;6;images/cartaschaman/36.png
1060;Fuerza del oleaje;7;3;4;0;0;6;11;images/cartaschaman/37.png
415;Fusion primigenia;7;3;1;0;0;6;6;images/cartaschaman/38.png
584;Garras de jade;7;4;2;2;2;6;8;images/cartaschaman/39.png
512;Garras espirituales;7;4;2;1;3;6;7;images/cartaschaman/40.png
817;Gigante furianieve;7;2;11;8;8;6;10;images/cartaschaman/41.png
255;Golem totemico;7;2;2;3;4;6;4;images/cartaschaman/42.png
1091;Guardian de termasÿ;7;2;3;2;4;6;11;images/cartaschaman/43.png
1095;Hablavientos;7;2;4;3;3;6;11;images/cartaschaman/44.png
1097;Hacha tronaforjado;7;4;2;2;3;6;11;images/cartaschaman/45.png
422;Hallazeal el Ascendido;7;2;5;4;6;6;6;images/cartaschaman/46.png
431;Ignoto coronado de llamas;7;2;4;7;7;6;6;images/cartaschaman/47.png
591;Ilusionista del Loto;7;2;4;3;5;6;8;images/cartaschaman/48.png
594;Involucion;7;3;2;0;0;6;8;images/cartaschaman/49.png
1131;Kalimos senor primigenio;7;2;8;7;7;6;11;images/cartaschaman/50.png
85;Llamada ancestral;7;3;4;0;0;6;2;images/cartaschaman/51.png
541;Llegan los exterminadores;7;3;4;0;0;6;8;images/cartaschaman/52.png
444;Maestro de la evolucion;7;2;4;4;5;6;6;images/cartaschaman/53.png
1173;Maleficio;7;3;3;0;0;6;11;images/cartaschaman/54.png
521;Malvada medica bruja;7;2;4;3;4;6;7;images/cartaschaman/55.png
284;Martillo cargado;7;4;4;2;4;6;4;images/cartaschaman/56.png
447;Martillo del Crepusculo;7;4;5;4;2;6;6;images/cartaschaman/57.png
1185;Martillo maldito;7;4;5;2;8;6;11;images/cartaschaman/58.png
99;Maza de poder;7;4;3;3;2;6;2;images/cartaschaman/59.png
839;Moorabi;7;2;6;4;4;6;10;images/cartaschaman/60.png
1201;Morgl el Oraculo;7;1;0;0;30;6;11;images/cartaschaman/61.png
110;Neptulon;7;2;7;7;7;6;2;images/cartaschaman/62.png
620;Ojos albos;7;2;5;5;5;6;8;images/cartaschaman/63.png
286;Ola de sanacion;7;3;3;0;0;6;4;images/cartaschaman/64.png
622;Orador del agua jinyu;7;2;4;3;6;6;8;images/cartaschaman/65.png
847;Pesca en el hielo;7;3;2;0;0;6;10;images/cartaschaman/66.png
1236;Poderio totemico;7;3;0;0;0;6;11;images/cartaschaman/67.png
527;Portal de La Voragine;7;3;2;0;0;6;7;images/cartaschaman/68.png
1245;Presagista pluma ardiente;7;2;2;1;1;6;11;images/cartaschaman/69.png
643;Quien lo encuentra se lo queda;7;3;1;0;0;6;8;images/cartaschaman/70.png
1264;Rafaga de lava;7;3;3;0;0;6;11;images/cartaschaman/71.png
21;Reencarnar;7;3;2;0;0;6;1;images/cartaschaman/72.png
1274;Relampago bifurcado;7;3;1;0;0;6;11;images/cartaschaman/73.png
650;Relampago de jade;7;3;4;0;0;6;8;images/cartaschaman/74.png
729;Reunion de murlocs;7;3;1;0;0;6;9;images/cartaschaman/75.png
866;Rompehielo;7;4;3;1;3;6;10;images/cartaschaman/76.png
1290;Sanacion ancestral;7;3;0;0;0;6;11;images/cartaschaman/77.png
303;Talladora de totems draenei;7;2;4;4;4;6;4;images/cartaschaman/78.png
1311;Thrall;7;1;0;0;30;6;11;images/cartaschaman/79.png
882;Thrall agorero;7;1;5;0;30;6;10;images/cartaschaman/80.png
358;Todo es fabumrgloso;7;3;7;0;0;6;5;images/cartaschaman/81.png
1316;Tormenta de relampagos;7;3;3;0;0;6;11;images/cartaschaman/82.png
139;Totem de vitalidad;7;2;2;0;3;6;2;images/cartaschaman/83.png
1317;Totem Lengua de Fuego;7;2;2;0;3;6;11;images/cartaschaman/84.png
1318;Totem Marea de mana;7;2;3;0;3;6;11;images/cartaschaman/85.png
745;Totem primapantano;7;2;2;0;3;6;9;images/cartaschaman/86.png
360;Trogg de tunel;7;2;1;1;3;6;5;images/cartaschaman/87.png
308;Valeroso de Cima del Trueno;7;2;5;3;6;6;4;images/cartaschaman/88.png
1336;Viento furioso;7;3;2;0;0;6;11;images/cartaschaman/89.png
1338;Vision lejana;7;3;3;0;0;6;11;images/cartaschaman/90.png
755;Volcan;7;3;5;0;0;6;9;images/cartaschaman/91.png
759;A suertes;8;3;2;0;0;6;10;images/cartaspicaro/1.png
894;Abanico de cuchillos;8;3;3;0;0;6;11;images/cartaspicaro/2.png
32;Aceite afilaespadas;8;3;4;0;0;6;2;images/cartaspicaro/3.png
900;Agente del IV7;8;2;3;3;3;6;11;images/cartaspicaro/4.png
677;Alucinacion;8;3;1;0;0;6;9;images/cartaspicaro/5.png
908;Aluvion de acero;8;3;4;0;0;6;11;images/cartaspicaro/6.png
187;Anubarak;8;2;9;8;4;6;4;images/cartaspicaro/7.png
928;Asesinato;8;3;5;0;0;6;11;images/cartaspicaro/8.png
549;Asesino del Loto;8;2;5;5;5;6;8;images/cartaspicaro/9.png
930;Asesino paciente;8;2;2;1;1;6;11;images/cartaspicaro/10.png
35;Autobarbero goblin;8;2;2;3;2;6;2;images/cartaspicaro/11.png
684;Azotadora cortapetalo;8;2;2;2;2;6;9;images/cartaspicaro/12.png
199;Bajo tierra;8;3;3;0;0;6;4;images/cartaspicaro/13.png
777;Baron oseo;8;2;5;5;5;6;10;images/cartaspicaro/14.png
553;Barquero de Gadgetzan;8;2;2;2;3;6;8;images/cartaspicaro/15.png
203;Bucanero;8;2;1;2;1;6;4;images/cartaspicaro/16.png
558;Bucanero grisgris;8;2;6;5;5;6;8;images/cartaspicaro/17.png
780;Bumeran apocaliptico;8;3;1;0;0;6;10;images/cartaspicaro/18.png
380;Caracalamar de los Mares del Sur;8;2;4;4;4;6;6;images/cartaspicaro/19.png
384;Charlatan de Entranas;8;2;2;2;2;6;6;images/cartaspicaro/20.png
788;Cientifico de peste;8;2;3;2;3;6;10;images/cartaspicaro/21.png
393;Cultor armado;8;2;1;1;2;6;6;images/cartaspicaro/22.png
703;Destripadora puavil;8;2;5;3;4;6;9;images/cartaspicaro/23.png
1017;Edwin vancleef;8;2;3;2;2;6;11;images/cartaspicaro/24.png
9;Emboscador anubar;8;2;4;5;5;6;1;images/cartaspicaro/25.png
1029;Embozo;8;3;1;0;0;6;11;images/cartaspicaro/26.png
576;Enjambrista de jade;8;2;2;1;1;6;8;images/cartaspicaro/27.png
715;Envenenar arma;8;3;3;0;0;6;9;images/cartaspicaro/28.png
1034;Esfumarse;8;3;6;0;0;6;11;images/cartaspicaro/29.png
1041;Eviscerar;8;3;2;0;0;6;11;images/cartaspicaro/30.png
1051;Fragmento de obsidiana;8;4;4;3;3;6;11;images/cartaspicaro/31.png
583;Furibundo de las Sombras;8;2;3;5;1;6;8;images/cartaspicaro/32.png
65;Gallywix;8;2;6;5;8;6;2;images/cartaspicaro/33.png
1069;Gerifalte defias;8;2;2;2;2;6;11;images/cartaspicaro/34.png
417;Golpe de las Sombras;8;3;3;0;0;6;6;images/cartaspicaro/35.png
1081;Golpe siniestro;8;3;1;0;0;6;11;images/cartaspicaro/36.png
1104;Hierbadentada;8;2;2;1;1;6;11;images/cartaspicaro/37.png
1107;Hoja de asesino;8;4;5;3;4;6;11;images/cartaspicaro/38.png
426;Hoja de CThun;8;2;9;4;4;6;6;images/cartaspicaro/39.png
826;Hoja de las Sombras;8;4;3;3;2;6;10;images/cartaspicaro/40.png
1109;Hoja de Perdicion;8;4;3;2;2;6;11;images/cartaspicaro/41.png
262;Hoja envenenada;8;4;4;1;3;6;4;images/cartaspicaro/42.png
268;Jinete del Shadopan;8;2;5;3;7;6;4;images/cartaspicaro/43.png
1139;Las cavernas;8;3;1;0;0;6;11;images/cartaspicaro/44.png
832;Lilian voss;8;2;4;4;5;6;10;images/cartaspicaro/45.png
87;Llave del maestro de tuercas;8;4;3;1;3;6;2;images/cartaspicaro/46.png
1157;Maestra del disfraz;8;2;4;4;4;6;11;images/cartaspicaro/47.png
1171;Maiev cantosombrio;8;1;0;0;30;6;11;images/cartaspicaro/48.png
616;Moneda falsificada;8;3;0;0;0;6;8;images/cartaspicaro/49.png
112;Ogro ninja;8;2;5;6;6;6;2;images/cartaspicaro/50.png
176;Pandilla;8;3;2;0;0;6;3;images/cartaspicaro/51.png
1226;Paso de las Sombras;8;3;0;0;0;6;11;images/cartaspicaro/52.png
288;Pillaje;8;3;3;0;0;6;4;images/cartaspicaro/53.png
1240;Porrazo;8;3;2;0;0;6;11;images/cartaspicaro/54.png
1244;Preparacion;8;3;0;0;0;6;11;images/cartaspicaro/55.png
1258;Punalada;8;3;0;0;0;6;11;images/cartaspicaro/56.png
1259;Puyazo;8;3;2;0;0;6;11;images/cartaspicaro/57.png
346;Raptor desenterrado;8;2;3;3;4;6;5;images/cartaspicaro/58.png
293;Ratero;8;2;2;2;2;6;4;images/cartaspicaro/59.png
1281;Rompecabezas;8;3;3;0;0;6;11;images/cartaspicaro/60.png
532;Rufian pretencioso;8;2;1;1;1;6;7;images/cartaspicaro/61.png
128;Sabotaje;8;3;4;0;0;6;2;images/cartaspicaro/62.png
735;Salva de cortapetalos;8;3;2;0;0;6;9;images/cartaspicaro/63.png
1292;Sangre fria;8;3;1;0;0;6;11;images/cartaspicaro/64.png
352;Saqueador de tumbas;8;2;4;5;4;6;5;images/cartaspicaro/65.png
870;Saqueadora espectral;8;2;6;5;5;6;10;images/cartaspicaro/66.png
1295;Secuestrador;8;2;6;5;3;6;11;images/cartaspicaro/67.png
656;Sensei de las sombras;8;2;4;4;4;6;8;images/cartaspicaro/68.png
132;Sensei ferreo;8;2;3;2;2;6;2;images/cartaspicaro/69.png
354;Serpiente del foso;8;2;1;2;1;6;5;images/cartaspicaro/70.png
659;Shaku el Coleccionista;8;2;3;2;3;6;8;images/cartaspicaro/71.png
738;Sherazin flor cadaver;8;2;4;5;3;6;9;images/cartaspicaro/72.png
660;Shuriken de jade;8;3;2;0;0;6;8;images/cartaspicaro/73.png
1302;Sprint;8;3;7;0;0;6;11;images/cartaspicaro/74.png
476;Taumaturga umbria;8;2;5;4;4;6;6;images/cartaspicaro/75.png
478;Te de cardo;8;3;6;0;0;6;6;images/cartaspicaro/76.png
535;Tenedor letal;8;2;3;3;2;6;7;images/cartaspicaro/77.png
1319;Traicion;8;3;2;0;0;6;11;images/cartaspicaro/78.png
141;Tramposo tuerto;8;2;2;4;1;6;2;images/cartaspicaro/79.png
183;Vagador hierro negro;8;2;5;4;3;6;3;images/cartaspicaro/80.png
886;Vagante forjarrunas;8;2;4;5;3;6;10;images/cartaspicaro/81.png
752;Vaina mimica;8;3;3;0;0;6;9;images/cartaspicaro/82.png
887;Valeera la Lugubre;8;1;9;0;30;6;10;images/cartaspicaro/83.png
1329;Valeera sanguinar;8;1;0;0;30;6;11;images/cartaspicaro/84.png
309;Valeroso de Entranas;8;2;2;3;2;6;4;images/cartaspicaro/85.png
313;Vendedor sospechoso;8;2;3;4;3;6;4;images/cartaspicaro/86.png
537;Vendedora eterea;8;2;5;5;6;6;7;images/cartaspicaro/87.png
1331;Veneno mortal;8;3;1;0;0;6;11;images/cartaspicaro/88.png
889;Veneno parasitante;8;3;2;0;0;6;10;images/cartaspicaro/89.png
490;Viaje a las profundidades;8;3;1;0;0;6;6;images/cartaspicaro/90.png
493;Xaril la Mente Envenenada;8;2;4;3;2;6;6;images/cartaspicaro/91.png
675;Acechador escamaterror;9;2;3;3;3;6;9;images/cartascazador/1.png
365;Acechador solitario;9;2;3;4;2;6;6;images/cartascazador/2.png
901;aguila ratonera famelica;9;2;5;3;2;6;11;images/cartascazador/3.png
546;Alijo oculto;9;3;2;0;0;6;8;images/cartascazador/4.png
905;Alleria brisaveloz;9;1;0;0;30;6;11;images/cartascazador/5.png
918;Arco de cuerno de aguila;9;4;3;3;2;6;11;images/cartascazador/6.png
919;Arco largo de Gladiador;9;4;7;5;2;6;11;images/cartascazador/7.png
188;Arquera indomable;9;2;1;2;1;6;4;images/cartascazador/8.png
771;Arquero abominable;9;2;7;6;7;6;10;images/cartascazador/9.png
194;Aterraescama;9;2;3;4;2;6;4;images/cartascazador/10.png
938;Bengala;9;3;2;0;0;6;11;images/cartascazador/11.png
200;Bloquear y cargar;9;3;2;0;0;6;4;images/cartascazador/12.png
201;Bola de aranas;9;3;6;0;0;6;4;images/cartascazador/13.png
378;Caceria;9;3;1;0;0;6;6;images/cartascazador/14.png
560;Cajas de contrabandista;9;3;1;0;0;6;8;images/cartascazador/15.png
324;Camello del desierto;9;2;3;2;4;6;5;images/cartascazador/16.png
506;Cazadora con capa;9;2;3;3;4;6;7;images/cartascazador/17.png
690;Celador tolvir;9;2;5;3;5;6;9;images/cartascazador/18.png
976;Colera de las bestias;9;3;1;0;0;6;11;images/cartascazador/19.png
982;Companero animal;9;3;3;0;0;6;11;images/cartascazador/20.png
231;Criador de carneros;9;2;5;3;3;6;4;images/cartascazador/21.png
991;Crinalta de la sabana;9;2;6;6;5;6;11;images/cartascazador/22.png
704;Dinomancia;9;3;2;0;0;6;9;images/cartascazador/23.png
1007;Disparo arcano;9;3;1;0;0;6;11;images/cartascazador/24.png
53;Disparo de cobra;9;3;5;0;0;6;2;images/cartascazador/25.png
1008;Disparo de francotirador;9;3;2;0;0;6;11;images/cartascazador/26.png
1009;Disparo explosivo;9;3;5;0;0;6;11;images/cartascazador/27.png
1010;Disparo mortal;9;3;3;0;0;6;11;images/cartascazador/28.png
234;Disparo potente;9;3;3;0;0;6;4;images/cartascazador/29.png
163;Disparo presuroso;9;3;2;0;0;6;3;images/cartascazador/30.png
707;Dred Rey del pantano;9;2;7;9;9;6;9;images/cartascazador/31.png
510;Dulce abuelita;9;2;2;1;1;6;7;images/cartascazador/32.png
242;Elekk del rey;9;2;2;3;2;6;4;images/cartascazador/33.png
575;Enfurecedor de bestias trogg;9;2;2;3;2;6;8;images/cartascazador/34.png
719;Estampida;9;3;1;0;0;6;9;images/cartascazador/35.png
249;Fauceacida;9;2;7;4;2;6;4;images/cartascazador/36.png
62;Fingir muerte;9;3;2;0;0;6;2;images/cartascazador/37.png
812;Flecha toxica;9;3;2;0;0;6;10;images/cartascazador/38.png
63;Francotirador bonvapor;9;2;2;2;3;6;2;images/cartascazador/39.png
168;Furibundo del Nucleo;9;2;4;4;4;6;3;images/cartascazador/40.png
64;Gahzrilla;9;2;7;6;9;6;2;images/cartascazador/41.png
585;Gato callejero;9;2;1;1;1;6;8;images/cartascazador/42.png
1085;Guacamayo enjoyado;9;2;1;1;1;6;11;images/cartascazador/43.png
419;Gusano de arena gigante;9;2;8;8;8;6;6;images/cartascazador/44.png
824;Hacerse el muerto;9;3;1;0;0;6;10;images/cartascazador/45.png
1103;Hiena carronera;9;2;2;2;2;6;11;images/cartascazador/46.png
432;Infestar;9;3;3;0;0;6;6;images/cartascazador/47.png
597;Kodo de carga;9;2;4;2;4;6;8;images/cartascazador/48.png
83;Lanzagujas;9;4;2;2;2;6;2;images/cartascazador/49.png
602;Lanzapiranas;9;4;5;2;4;6;8;images/cartascazador/50.png
439;Larva carronera;9;2;3;2;5;6;6;images/cartascazador/51.png
441;Llamada de lo Salvaje;9;3;9;0;0;6;6;images/cartascazador/52.png
86;Llamar a mascota;9;3;2;0;0;6;2;images/cartascazador/53.png
1147;Lobo gris;9;2;1;1;1;6;11;images/cartascazador/54.png
442;Lobo infestado;9;2;4;3;3;6;6;images/cartascazador/55.png
279;Maestra de establos;9;2;3;4;2;6;4;images/cartascazador/56.png
1160;Maestro de canes;9;2;4;4;3;6;11;images/cartascazador/57.png
1181;Marca del cazador;9;3;1;0;0;6;11;images/cartascazador/58.png
1187;Matar;9;3;3;0;0;6;11;images/cartascazador/59.png
610;Maton con arma casera;9;2;3;3;3;6;8;images/cartascazador/60.png
1200;Mordedura dolorosa;9;3;2;0;0;6;11;images/cartascazador/61.png
1202;Multidisparo;9;3;4;0;0;6;11;images/cartascazador/62.png
840;Murcielago explosivo;9;2;4;2;1;6;10;images/cartascazador/63.png
449;Murcielago igneo;9;2;1;2;1;6;6;images/cartascazador/64.png
619;Nudillos;9;2;5;3;7;6;8;images/cartascazador/65.png
624;Pandilla de ratas;9;2;3;2;2;6;8;images/cartascazador/66.png
461;Princesa huhuran;9;2;5;6;5;6;6;images/cartascazador/67.png
857;Profesor putricidio;9;2;4;5;4;6;10;images/cartascazador/68.png
1252;Prole de raptor;9;2;1;2;1;6;11;images/cartascazador/69.png
861;Rastreador cosido;9;2;3;2;2;6;10;images/cartascazador/70.png
1269;Rastrear;9;3;1;0;0;6;11;images/cartascazador/71.png
1271;Redireccion;9;3;2;0;0;6;11;images/cartascazador/72.png
726;Reina del Marjal;9;3;1;0;0;6;9;images/cartascazador/73.png
1275;Rexxar;9;1;0;0;30;6;11;images/cartascazador/74.png
865;Rexxar mortacechador;9;1;6;0;30;6;10;images/cartascazador/75.png
124;Rey de las bestias;9;2;5;2;6;6;2;images/cartascazador/76.png
1276;Rey krush;9;2;9;8;8;6;11;images/cartascazador/77.png
1278;Rinoceronte de la tundra;9;2;5;2;5;6;11;images/cartascazador/78.png
129;Saltador dientehierro;9;2;3;3;3;6;2;images/cartascazador/79.png
1301;Soltad a los perros;9;3;3;0;0;6;11;images/cartascazador/80.png
357;Sombrero de expedicionario;9;3;2;0;0;6;5;images/cartascazador/81.png
741;Tajobuche crepitante;9;2;2;3;2;6;9;images/cartascazador/82.png
27;Tejerred;9;2;1;1;1;6;1;images/cartascazador/83.png
883;Tiburoso;9;2;3;4;3;6;10;images/cartascazador/84.png
1320;Trampa con culebras;9;3;2;0;0;6;11;images/cartascazador/85.png
1321;Trampa congelante;9;3;2;0;0;6;11;images/cartascazador/86.png
359;Trampa de dardos;9;3;2;0;0;6;5;images/cartascazador/87.png
1322;Trampa explosiva;9;3;2;0;0;6;11;images/cartascazador/88.png
305;Trampa para osos;9;3;2;0;0;6;4;images/cartascazador/89.png
884;Trampa venenosa;9;3;2;0;0;6;10;images/cartascazador/90.png
536;Truco de gato;9;3;2;0;0;6;7;images/cartascazador/91.png
892;Viuda cadaver;9;2;5;4;6;6;10;images/cartascazador/92.png
896;Abominacion;11;2;5;4;4;6;11;
760;Abominacion explosiva;11;2;4;5;6;6;10;
364;Acaparador corrupto;11;2;4;4;2;6;6;
897;Acaparador de botin;11;2;2;2;1;6;11;
674;Acechador diente de sable;11;2;6;8;2;6;9;
31;Acechador gilblin;11;2;2;2;3;6;2;
898;Acolito de dolor;11;2;3;1;3;6;11;
498;Actor pomposo;11;2;2;3;2;6;7;
899;Adicta al mana;11;2;2;1;3;6;11;
544;Agentes del Loto;11;2;5;5;3;6;8;
903;Alamuerte;11;2;10;12;12;6;11;
368;Alamuerte Senor de los Dragones;11;2;10;12;12;6;6;
545;Alcalde tragonublo;11;2;9;5;4;6;8;
904;Alexstrasza;11;2;9;8;8;6;11;
765;Alma en pena lamentadora;11;2;4;5;5;6;10;
1;Alma gemebunda;11;2;4;3;5;6;1;
907;Alquimista loco;11;2;2;2;2;6;11;
370;Ancestro crepuscular;11;2;3;3;4;6;6;
547;Anciano de las flores;11;2;6;3;8;6;8;
912;anima de mana;11;2;2;2;2;6;11;
500;Anomalia arcana;11;2;1;2;1;6;7;
679;Aplastador congelado;11;2;6;8;8;6;9;
501;Arana de despensa;11;2;3;1;3;6;7;
318;Arana de la tumba;11;2;4;3;3;6;5;
319;Archiladron rafaam;11;2;9;7;8;6;5;
916;Archimago;11;2;6;4;7;6;11;
922;Arpia Viento furioso;11;2;6;4;5;6;11;
923;Arquera elfa;11;2;1;1;1;6;11;
374;Arrastrapies ignoto;11;2;4;1;1;6;6;
772;Arrastratumbas;11;2;4;4;4;6;10;
925;Artificiera temeraria;11;2;6;5;2;6;11;
189;Asaltante kvaldir;11;2;5;4;4;6;4;
926;Asaltante murloc;11;2;1;2;1;6;11;
927;Asaltante velasangre;11;2;2;2;3;6;11;
929;Asesino de Ravenholdt;11;2;7;7;5;6;11;
190;Asistente al torneo;11;2;1;2;1;6;4;
550;Atracabot de cuerda;11;2;6;5;5;6;8;
34;Atracador vilÿ;11;2;5;8;8;6;2;
681;Atracadora esmeralda;11;2;1;2;1;6;9;
775;Aullador nocturno;11;2;4;3;4;6;10;
196;Aullahielo;11;2;9;10;10;6;4;
932;Aventurero en mision;11;2;3;2;2;6;11;
682;Avispa gigante;11;2;3;2;2;6;9;
551;Aya zarpa negra;11;2;6;5;3;6;8;
504;Barnes;11;2;4;3;4;6;7;
933;Baron geddon;11;2;7;7;5;6;11;
2;Baron osahendido;11;2;4;1;7;6;1;
552;Baron seboso;11;2;3;1;1;6;8;
375;Behemoth ignoto;11;2;10;10;10;6;6;
685;Bicho de fuego;11;2;1;1;2;6;9;
202;Bolf Escudo de Carnero;11;2;6;3;9;6;4;
40;Bombardero aun mas loco;11;2;5;5;4;6;2;
942;Bombardero loco;11;2;2;3;2;6;11;
377;Boticario de la secta;11;2;5;4;4;6;6;
321;Brann barbabronce;11;2;3;2;4;6;5;
322;Bruja de mar naga;11;2;5;5;5;6;5;
943;Bruto lobo gelido;11;2;2;2;2;6;11;
557;Bucanero de poca monta;11;2;1;1;1;6;8;
205;Caballero de relojeria;11;2;5;5;5;6;4;
944;Caballero de sangre;11;2;3;3;3;6;11;
945;Caballero de Ventormenta;11;2;4;2;5;6;11;
781;Caballero escama muerta;11;2;1;1;1;6;10;
3;Caballero espectral;11;2;5;4;6;6;1;
946;Caballero Mano de Plata;11;2;5;4;4;6;11;
208;Caballero silencioso;11;2;3;2;2;6;4;
209;Caballo de guerra acorazado;11;2;4;5;3;6;4;
42;Cabeza de Mimiron;11;2;5;4;5;6;2;
947;Cairne Pezuna de Sangre;11;2;6;4;5;6;11;
561;Camarero amistoso;11;2;2;2;3;6;8;
948;Caminasol;11;2;6;4;5;6;11;
211;Campeon de la Luz;11;2;3;4;3;6;4;
212;Campeon de Mogor;11;2;6;8;5;6;4;
213;Campeon de Mukla;11;2;5;4;3;6;4;
951;Campeon de Ventormenta;11;2;7;6;6;6;11;
214;Campeon del Nexo Saraad;11;2;5;4;5;6;4;
953;Can del Nucleo;11;2;7;9;5;6;11;
954;Cangrejo hambriento;11;2;1;1;2;6;11;
45;Canon de barco;11;2;2;2;3;6;2;
688;Cantaespiritus umbra;11;2;4;3;4;6;9;
217;Capitan de los cielos Kragg;11;2;7;4;6;6;4;
956;Capitan de Mares del Sur;11;2;3;3;3;6;11;
957;Capitan verdetez;11;2;5;5;4;6;11;
784;Captora de cadaveres;11;2;4;3;3;6;10;
787;Castigador hachamortal;11;2;4;3;3;6;10;
381;Cautivadora del mal;11;2;2;2;3;6;6;
960;Cazador de fieras;11;2;5;4;2;6;11;
689;Cazador pozarroca;11;2;2;2;3;6;9;
961;Cazadora de Rajacieno;11;2;3;2;3;6;11;
382;Cazamareas aletabilis;11;2;2;2;1;6;6;
962;Cazamareas murloc;11;2;2;2;1;6;11;
963;Celador mogushan;11;2;4;1;7;6;11;
964;Celadora de la Luz;11;2;1;1;2;6;11;
325;Centinela anubisath;11;2;5;4;4;6;5;
966;Chaman clarividente;11;2;3;3;3;6;11;
49;Chatarrobot;11;2;5;1;5;6;2;
156;Chromaggus;11;2;8;6;8;6;3;
4;Cientifico loco;11;2;2;2;2;6;1;
386;Clamacondenas;11;2;8;7;9;6;6;
693;Clamalumbres;11;2;7;6;6;6;9;
970;Clamamareas murloc;11;2;1;1;2;6;11;
971;Clarividente de Thrallmar;11;2;3;2;3;6;11;
973;Cleriga sol devastado;11;2;3;3;2;6;11;
790;Cleriga sol poniente;11;2;2;2;1;6;10;
974;Cobra emperador;11;2;3;2;3;6;11;
792;Coloso hornollama;11;2;6;6;6;6;10;
563;Comadreja excavadora;11;2;1;1;1;6;8;
979;Comandante argenta;11;2;6;4;2;6;11;
219;Comandante de la ciudadela;11;2;2;2;3;6;4;
981;Comando pico tormenta;11;2;5;4;2;6;11;
227;Contendiente de Gadgetzan;11;2;1;1;2;6;4;
566;Contrabandista de los suburbios;11;2;3;2;4;6;8;
159;Corruptor alanegra;11;2;5;5;4;6;3;
567;Corsaria naga;11;2;4;5;4;6;8;
988;Corsario aterrador;11;2;4;3;3;6;11;
989;Corsario velasangre;11;2;1;1;2;6;11;
992;Crocolisco fluvial;11;2;2;2;3;6;11;
993;Cruzada escarlata;11;2;3;3;1;6;11;
392;CThun;11;2;10;6;6;6;6;
394;Cultor skeram;11;2;6;7;6;6;6;
994;Defensor de Argus;11;2;4;2;3;6;11;
700;Defensor piedraloma;11;2;3;1;4;6;9;
997;Demoledor;11;2;3;1;4;6;11;
701;Demosaurio cargado;11;2;8;7;7;6;9;
328;Demosaurio fosilizado;11;2;8;8;8;6;5;
569;Desdoble mafioso;11;2;5;2;2;6;8;
799;Desenredadora nerubiana;11;2;6;5;5;6;10;
398;Devorador de secretos;11;2;4;2;4;6;6;
399;Discipulo de CThun;11;2;3;2;1;6;6;
330;Djinn de los Cefiros;11;2;5;4;6;6;5;
573;Don hancho;11;2;7;5;6;6;8;
56;Dr Bum;11;2;7;7;7;6;2;
1011;Draco azur;11;2;5;4;4;6;11;
1012;Draco crepuscular;11;2;4;4;1;6;11;
400;Draco de medianoche;11;2;4;1;4;6;6;
801;Draco oseo;11;2;6;6;5;6;10;
706;Draco primordial;11;2;8;4;8;6;9;
164;Draco volcanico;11;2;6;6;4;6;3;
401;Dracohalcon grotesco;11;2;7;5;5;6;6;
1013;Dracohalcon joven;11;2;1;1;1;6;11;
1014;Dragon feerico;11;2;2;3;2;6;11;
165;Dragon hambriento;11;2;4;5;6;6;3;
8;Eco de moco;11;2;2;1;2;6;1;
239;El caballero esqueleto;11;2;6;7;4;6;4;
1019;El caballero negro;11;2;6;4;5;6;11;
511;El curator;11;2;7;4;6;6;7;
402;El monstruo del saco;11;2;8;6;7;6;6;
241;El preferido del publico;11;2;4;4;4;6;4;
804;El rey exanime;11;2;8;8;8;6;10;
403;Elegida de CThun;11;2;4;4;2;6;6;
1021;Elemental de Escarcha;11;2;6;5;5;6;11;
711;Elemental igneo;11;2;3;2;3;6;9;
713;Elemental volatil;11;2;2;1;1;6;9;
574;Eliminador de pruebas Defias;11;2;6;5;7;6;8;
333;Elise buscaestelar;11;2;4;3;5;6;5;
714;Elise la Pionera;11;2;5;5;5;6;9;
1026;Elite tauren chieftain;11;2;5;5;5;6;11;
404;Emperador gemelo Veklor;11;2;7;4;6;6;6;
167;Emperador thaurissan;11;2;6;5;5;6;3;
1030;Enano hierro negro;11;2;4;4;4;6;11;
805;Encantadora drakkari;11;2;3;1;5;6;10;
405;Engendro de NZoth;11;2;3;2;2;6;6;
406;Enjambrista silitido;11;2;3;3;5;6;6;
10;Enterrador;11;2;1;1;2;6;1;
244;Entrenador de esgrima;11;2;3;2;2;6;4;
1032;Eremita cho;11;2;2;0;4;6;11;
11;Eructador de lodo;11;2;5;3;5;6;1;
334;Escarabajo con joyas;11;2;2;1;1;6;5;
577;Escuadron de bombardeo;11;2;5;2;2;6;8;
1033;Escudera argenta;11;2;1;1;1;6;11;
245;Escudero de poca monta;11;2;1;1;2;6;4;
12;Espadas danzantes;11;2;3;4;4;6;1;
578;Espiritu de jade;11;2;4;2;3;6;8;
807;Esquelemante;11;2;5;2;2;6;10;
808;Esqueleto perverso;11;2;4;1;1;6;10;
718;Esquirla glacial;11;2;1;2;1;6;9;
336;Estatua siniestra;11;2;4;7;7;6;5;
721;Estegodon;11;2;4;2;6;6;9;
60;Experimentador gnomo;11;2;3;3;2;6;2;
722;Exploradora avida;11;2;4;3;4;6;9;
248;Eydis penaumbra;11;2;3;3;4;6;4;
579;Famosilla de Gadgetzan;11;2;2;2;2;6;8;
810;Fanatica contaminada;11;2;2;1;1;6;10;
1045;Fenix pluma ardiente;11;2;4;3;3;6;11;
13;Feugen;11;2;5;4;7;6;1;
250;Fjola penivea;11;2;3;3;4;6;4;
581;Francotirador soplabranquias;11;2;2;2;1;6;8;
1055;Fuego fatuo;11;2;0;1;1;6;11;
414;Furibundo amgam;11;2;3;1;5;6;6;
251;Furibundo de hielo;11;2;3;5;2;6;4;
1061;Furibundo de magma;11;2;3;5;1;6;11;
1062;Fusilero de Forjaz;11;2;3;2;2;6;11;
14;Gargola piel de piedra;11;2;3;1;4;6;1;
814;Garraparthas;11;2;4;2;2;6;10;
1064;Gasteropodo obcecado;11;2;2;1;2;6;11;
66;Gazlowe;11;2;6;3;6;6;2;
815;Geist husmeador;11;2;6;4;6;6;10;
816;Geist necrotico;11;2;6;5;3;6;10;
1066;Gelbin mekkatorque;11;2;6;6;6;6;11;
586;Genzo el Estafador;11;2;4;5;4;6;8;
416;Geomantica crepuscular;11;2;2;1;4;6;6;
1068;Geomantico kobold;11;2;2;2;2;6;11;
253;Gerente del coliseo;11;2;3;2;5;6;4;
513;Gigante arcano;11;2;12;8;8;6;7;
254;Gigante de escarcha;11;2;10;8;8;6;4;
1070;Gigante de mar;11;2;10;8;8;6;11;
67;Gigante de relojeria;11;2;12;8;8;6;2;
1071;Gigante fundido;11;2;25;8;8;6;11;
1072;Gigante montes;11;2;12;8;8;6;11;
69;Gnomo de relojeria;11;2;1;2;1;6;2;
1075;Gnomo paria;11;2;1;1;1;6;11;
70;Golem aereo pilotado;11;2;6;6;4;6;2;
1076;Golem arcano;11;2;3;4;4;6;11;
1077;Golem de guerra;11;2;7;7;7;6;11;
1078;Golem de la cosecha;11;2;3;2;3;6;11;
337;Gorilabot A 3;11;2;4;3;4;6;5;
256;Gormok el Empalador;11;2;4;4;4;6;4;
257;Gran cruzada;11;2;6;5;5;6;4;
819;Granjero mezquino;11;2;1;1;1;6;10;
820;Granuja huesudo;11;2;4;2;2;6;10;
1084;Gruul;11;2;8;7;7;6;11;
260;Guardian crepuscular;11;2;4;2;6;6;4;
1090;Guardian de Lunargenta;11;2;4;3;3;6;11;
1093;Guerrero branquiazul;11;2;2;2;1;6;11;
823;Gusano de sangre;11;2;5;4;4;6;10;
421;Hablaoscuro;11;2;5;3;6;6;6;
1098;Harrison jones;11;2;5;5;4;6;11;
169;Hechicero dragonante;11;2;4;3;5;6;3;
1099;Hemet cazador de la selva;11;2;6;6;6;6;11;
74;Hemet nesingwary;11;2;5;6;3;6;2;
1100;Herrera maliciosa;11;2;5;4;6;6;11;
515;Herrero arcano;11;2;4;3;2;6;7;
1101;Hidra olamarga;11;2;5;8;8;6;11;
516;Historiadora rencor abisal;11;2;2;1;3;6;7;
75;Hobgoblin;11;2;3;2;3;6;2;
1105;Hogger;11;2;6;4;4;6;11;
425;Hogger Ruina de Elwynn;11;2;7;6;6;6;6;
1108;Hoja de la noche;11;2;5;4;4;6;11;
1110;Hojafaca monumental;11;2;3;4;8;6;11;
827;Horrocrusto cobalto;11;2;5;5;5;6;10;
428;Horror ciclopeo;11;2;4;3;3;6;6;
429;Horror tetrico;11;2;8;6;10;6;6;
1112;Huargen enfurecido;11;2;3;3;3;6;11;
589;Huargen rebelde;11;2;4;6;3;6;8;
430;Huargen retorcido;11;2;2;3;1;6;6;
1113;Huevo de demosaurio;11;2;3;0;3;6;11;
170;Huevo de dragon;11;2;1;0;2;6;3;
15;Huevo nerubiano;11;2;2;0;2;6;1;
517;Huevo runico;11;2;1;0;2;6;7;
1116;Illidan tempestira;11;2;6;7;5;6;11;
77;Iluminadora;11;2;3;2;4;6;2;
518;Ilusionista violeta;11;2;3;4;3;6;7;
263;Impertinente malvado;11;2;4;5;4;6;4;
78;Infanteria de Gnomeregan;11;2;3;1;4;6;2;
1119;Infiltrado huargen;11;2;1;2;1;6;11;
592;Informador de los suburbios;11;2;2;1;1;6;8;
1120;Ingeniera novata;11;2;2;1;1;6;11;
433;Iniciado fanatico;11;2;1;1;1;6;6;
1122;Inventora gnoma;11;2;4;2;4;6;11;
593;Investigador avispado;11;2;5;4;6;6;8;
435;Invocador crepuscular;11;2;4;1;1;6;6;
1123;Invocadora tamano bolsillo;11;2;2;2;2;6;11;
1126;Jabali colmipetreo;11;2;1;1;1;6;11;
437;Jabali del crepusculo;11;2;2;4;1;6;6;
80;Jeeves;11;2;4;1;4;6;2;
595;Jefa de los cerdos moteros;11;2;6;6;6;6;8;
265;Jinete argenta;11;2;3;2;1;6;4;
266;Jinete de dracohalcon;11;2;3;3;3;6;4;
267;Jinete de kodos;11;2;6;3;5;6;4;
1128;Jinete de lobos;11;2;3;3;1;6;11;
830;Jinete glacial Hyldnir;11;2;3;4;4;6;10;
269;Jormungar capturado;11;2;7;5;9;6;4;
81;Joyatron 3000;11;2;5;3;4;6;2;
270;Justicar corazon veraz;11;2;6;6;3;6;4;
596;Kazakus;11;2;4;3;3;6;8;
16;Kelthuzad;11;2;8;6;8;6;1;
438;Kobold evolucionado;11;2;4;2;2;6;6;
1133;Kodo en estampida;11;2;5;3;5;6;11;
271;Kraken de El Mar del Norte;11;2;9;9;7;6;4;
272;Kvaldir herido;11;2;1;2;4;6;4;
1134;La bestia;11;2;6;9;7;6;11;
273;La dama del lago;11;2;4;2;6;6;4;
1135;Labrapiedras tolvirÿ;11;2;4;3;5;6;11;
1136;Lacayo de Villadorada;11;2;1;1;2;6;11;
82;Lanzabombas;11;2;5;3;3;6;2;
1140;Lechuza picoferreo;11;2;3;2;1;6;11;
1141;Leeroy jenkins;11;2;5;6;2;6;11;
1142;Lider de banda;11;2;3;2;2;6;11;
1143;Lider de guerra murloc;11;2;3;3;3;6;11;
17;Loatheb;11;2;5;5;5;6;1;
1148;Lobo temible alfa;11;2;2;2;2;6;11;
1150;Loro del capitan;11;2;2;1;1;6;11;
277;Luchadora de fosa;11;2;5;5;6;6;4;
278;Maestra de ceremonias;11;2;3;4;2;6;4;
1155;Maestra de diablillos;11;2;3;1;5;6;11;
604;Maestra de las mezclas;11;2;1;2;2;6;8;
1156;Maestra de secta;11;2;4;4;2;6;11;
1158;Maestro cervecero anciano;11;2;4;5;4;6;11;
1159;Maestro cervecero joven;11;2;2;3;2;6;11;
1161;Maestro de escudos Senjin;11;2;4;3;5;6;11;
280;Maestro de justas;11;2;6;5;6;6;4;
605;Maestro de Kraku Fu;11;2;5;3;5;6;8;
92;Maestro de tuercas;11;2;1;1;2;6;2;
1162;Maestro del acero herido;11;2;3;4;7;6;11;
1163;Maestro forjador de espadas;11;2;2;1;3;6;11;
1164;Maestro manitas Sobrechispa;11;2;3;3;3;6;11;
606;Maestro subastador Beardo;11;2;3;3;4;6;8;
18;Maexxna;11;2;6;2;8;6;1;
607;Mafioso de primera;11;2;6;1;1;6;8;
1167;Mago anciano;11;2;4;2;5;6;11;
1168;Mago de Dalaran;11;2;3;1;4;6;11;
520;Mago de la Sala de las Fieras;11;2;5;4;4;6;7;
1169;Mago ogro;11;2;4;4;4;6;11;
1170;Mago sangriento Thalnos;11;2;2;1;1;6;11;
1172;Malabarista de cuchillos;11;2;2;2;2;6;11;
282;Malabarista de llamas;11;2;2;2;3;6;4;
1175;Malygos;11;2;9;4;12;6;11;
1177;Manipulador ignoto;11;2;5;3;3;6;11;
98;Maquina voladora;11;2;3;1;4;6;2;
1183;Marinero de Mares del Sur;11;2;1;2;1;6;11;
1186;Mastodonte giganteÿ;11;2;9;6;10;6;11;
611;Maton;11;2;3;4;3;6;8;
174;Mayordomo executus;11;2;9;9;7;6;3;
101;Mecadistorsionador;11;2;2;2;3;6;2;
1188;Mecanica de dragonizos;11;2;4;2;4;6;11;
285;Medico del torneo;11;2;4;1;8;6;4;
1189;Medico vudu;11;2;1;2;1;6;11;
522;Medivh el Guardian;11;2;8;7;7;6;7;
1191;Megasaurio amableÿ;11;2;4;5;4;6;11;
103;Mekigeniero termochufe;11;2;9;9;7;6;2;
612;Mensajera del Kabal;11;2;3;2;2;6;8;
1192;Mercenario Ventura y Cia;11;2;5;7;6;6;11;
523;Merodeador del foso;11;2;6;3;3;6;7;
104;Micromaquina;11;2;2;1;2;6;2;
837;Minero encadenado;11;2;4;2;3;6;10;
106;Minimago;11;2;4;4;1;6;2;
107;Mistica de Kezan;11;2;4;4;3;6;2;
1195;Moco del pantano acido;11;2;2;3;2;6;11;
1196;Moco glutinosoÿ;11;2;3;3;3;6;11;
615;Moco toxico de cloaca;11;2;3;4;3;6;8;
108;Mogor el Ogro;11;2;6;7;6;6;2;
1197;Molino Tormenta de Mana;11;2;2;4;4;6;11;
524;Moroes;11;2;3;1;1;6;7;
617;Mrginja la Estrella Voladora;11;2;5;2;4;6;8;
448;Mukla el Tirano del Valle;11;2;6;5;5;6;6;
109;Muneco diana;11;2;0;0;2;6;2;
344;Murloc aletin;11;2;0;1;1;6;5;
450;Nat el Pescador Oscuro;11;2;2;2;4;6;6;
1203;Nat pagle;11;2;2;0;4;6;11;
1205;Necrofago carnivoro;11;2;3;2;3;6;11;
841;Necrofago feliz;11;2;3;3;3;6;10;
19;Necrofago inestable;11;2;2;1;3;6;1;
842;Necrofago vrykul;11;2;3;3;1;6;10;
175;Nefarian;11;2;9;8;8;6;3;
843;Nigromante lugubre;11;2;4;2;4;6;10;
1210;Nozdormu;11;2;9;8;8;6;11;
111;Nulificador arcano x 21;11;2;4;2;5;6;2;
452;NZoth el Corruptor;11;2;10;5;7;6;6;
1212;Ogro Puno de Roca;11;2;6;6;7;6;11;
113;Ogro tosco;11;2;3;4;4;6;2;
1214;Onyxia;11;2;9;8;8;6;11;
1216;Oraculo luz fria;11;2;3;2;2;6;11;
1217;Oraculo malaescama;11;2;1;1;1;6;11;
1218;Orador del Sino;11;2;2;0;7;6;11;
453;Orador del Sino reafirmado;11;2;5;0;7;6;6;
623;Orco vil robaalmas;11;2;3;3;7;6;8;
1219;Oso pardo Cueracero;11;2;3;3;3;6;11;
114;Oveja explosiva;11;2;2;1;1;6;2;
1220;Ozruk;11;2;9;5;5;6;11;
1225;Pantera de la selva;11;2;3;4;2;6;11;
625;Parches el Pirata;11;2;1;1;1;6;8;
626;Paria de los bajos fondos;11;2;3;3;1;6;8;
177;Parroquiano lugubre;11;2;5;3;3;6;3;
1227;Patriarca lomoblanco;11;2;3;1;4;6;11;
116;Pequena exorcista;11;2;3;2;3;6;2;
457;Pesadilla con escamas;11;2;6;2;8;6;6;
845;Pesadilla osea;11;2;7;5;5;6;10;
848;Pescador colmillarr;11;2;2;2;3;6;10;
850;Picadora rodante;11;2;4;1;4;6;10;
851;Pingino aletanieve;11;2;0;1;1;6;10;
458;Pirata aguasnegras;11;2;4;2;5;6;6;
1232;Piromantico salvaje;11;2;2;3;2;6;11;
117;Pisacharcos;11;2;2;3;2;6;2;
118;Plastatron;11;2;2;1;2;6;2;
1238;Pollo furioso;11;2;1;1;1;6;11;
1239;Polluelo sanosoÿ;11;2;3;3;3;6;11;
290;Portador de lanzas;11;2;2;1;2;6;4;
1241;Portaescudos;11;2;1;0;4;6;11;
852;Portavoz de la muerte;11;2;3;2;4;6;10;
638;Portero de reservado;11;2;4;4;4;6;8;
460;Presagista ancestral;11;2;6;4;6;6;6;
1246;Primalista tortoliana;11;2;8;5;4;6;11;
853;Principe keleseth;11;2;2;2;2;6;10;
530;Principe malchezaar;11;2;5;5;6;6;7;
854;Principe taldaram;11;2;3;3;3;6;10;
855;Principe valanar;11;2;4;4;4;6;10;
1248;Profesora violeta;11;2;4;3;5;6;11;
462;Profeta nerubiano;11;2;6;4;4;6;6;
1251;Prole de pterrordactilo;11;2;3;2;2;6;11;
640;Promotora de lucha;11;2;6;4;4;6;8;
1255;Protectora Furia del Sol;11;2;2;2;3;6;11;
463;Psicotron;11;2;5;3;4;6;6;
1260;Quijaforte de oasis;11;2;4;2;7;6;11;
644;Quimica del Kabal;11;2;4;3;3;6;8;
645;Quimico estrafalario;11;2;4;4;4;6;8;
465;Rabioso aberrante;11;2;4;3;5;6;6;
1261;Rabioso amani;11;2;2;2;3;6;11;
1263;Rabioso gurubashi;11;2;5;2;7;6;11;
1265;Ragnaros Senor del Fuego;11;2;8;8;8;6;11;
1268;Raptor cienorrojo;11;2;2;3;2;6;11;
646;Ratero abuson;11;2;5;4;6;6;8;
723;Ravasaurio enano;11;2;2;2;2;6;9;
294;Reclutador;11;2;5;5;4;6;4;
123;Recombobulador;11;2;2;3;2;6;2;
296;Regente Mano de Plata;11;2;3;3;3;6;4;
727;Reina esmeralda;11;2;1;2;3;6;9;
178;Rend puno negro;11;2;7;8;4;6;3;
348;Reno jackson;11;2;6;4;6;6;5;
651;Reportera intrepida;11;2;4;3;3;6;8;
728;Reptador golakka;11;2;2;2;3;6;9;
864;Resucitador;11;2;5;3;3;6;10;
349;Retacos tambaleantes;11;2;6;2;6;6;5;
1277;Rey mukla;11;2;3;5;5;6;11;
731;Robahuevos;11;2;3;3;1;6;9;
1280;Roboalarma;11;2;3;0;3;6;11;
125;Robomejorador;11;2;4;3;2;6;2;
732;Roc anidado;11;2;5;4;7;6;9;
350;Roca de invocacion;11;2;5;0;6;6;5;
1282;Rompehechizos;11;2;4;4;3;6;11;
867;Rompementes;11;2;3;2;5;6;10;
868;Rondadora de tumbas;11;2;5;5;3;6;10;
298;Saboteador;11;2;3;4;3;6;4;
1285;Sacerdotisa de Elune;11;2;6;5;4;6;11;
1287;Sacerdotisa joven;11;2;1;2;1;6;11;
130;Sanabot antiguo;11;2;5;3;3;6;2;
470;Sanabot corrupto;11;2;5;6;6;6;6;
654;Sanador hozen;11;2;4;2;6;6;8;
1291;Sanadora escama oscura;11;2;5;4;5;6;11;
472;Sangre del Antiguo;11;2;9;9;9;6;6;
351;Sapo gigante;11;2;2;3;2;6;5;
871;Saqueadora fantasmal;11;2;4;3;3;6;10;
1293;Sargento abuson;11;2;1;1;1;6;11;
655;Sargento sally;11;2;3;1;1;6;8;
1294;Secretista;11;2;1;1;2;6;11;
1297;Senor de la arena;11;2;6;6;5;6;11;
23;Senor de la Muerte;11;2;3;2;8;6;1;
1299;Senor lobo gelido;11;2;5;4;4;6;11;
24;Senor telarana Nerubar;11;2;2;1;4;6;1;
658;Senora goya;11;2;6;4;3;6;8;
875;Sepulturera frivola;11;2;3;3;1;6;10;
133;Siegaenemigos 4000;11;2;8;6;9;6;2;
355;Sir finley mrrgglton;11;2;1;1;3;6;5;
739;Sirviente de Kalimos;11;2;5;4;5;6;9;
301;Snobold gelido;11;2;4;2;6;6;4;
474;Soggoth el Serpenteante;11;2;9;5;9;6;6;
356;Sombra ancestral;11;2;4;7;4;6;5;
25;Sombra de Naxxramas;11;2;3;2;2;6;1;
26;Stalagg;11;2;5;7;4;6;1;
1303;Subastador de Gadgetzan;11;2;6;4;4;6;11;
662;Sucia rata;11;2;2;2;6;6;8;
1306;Sylvanas brisaveloz;11;2;6;5;5;6;11;
135;Tanque arana;11;2;3;3;4;6;2;
136;Tanque fuerza max;11;2;8;7;7;6;2;
1307;Tauren guerrero;11;2;3;2;3;6;11;
477;Tauren infestado;11;2;4;2;3;6;6;
181;Tecnica alanegra;11;2;3;2;4;6;3;
137;Tecnico de Ciudad Manitas;11;2;3;3;3;6;2;
1308;Tecnico de control mental;11;2;3;3;3;6;11;
879;Tejehechizos;11;2;6;4;4;6;10;
304;Teniente guardahuesos;11;2;2;3;2;6;4;
480;Tentaculo de NZoth;11;2;1;1;1;6;6;
481;Tentaculo sinuoso;11;2;3;2;4;6;6;
1312;Tigre de Tuercespina;11;2;5;5;5;6;11;
138;Toshley;11;2;6;5;7;6;2;
666;Tramposo callejero;11;2;3;0;7;6;8;
484;Transfigurador zerus;11;2;1;1;1;6;6;
746;Trepador de alquitran;11;2;3;1;5;6;9;
485;Trepador de cienaga;11;2;7;6;8;6;6;
1323;Trepador del pantano;11;2;5;3;6;6;11;
28;Trepadora embrujada;11;2;2;1;2;6;1;
747;Trillanodonte saciado;11;2;7;5;7;6;9;
182;Triturador draconido;11;2;6;6;6;6;3;
143;Trituradora antigua de Sneed;11;2;8;5;7;6;2;
144;Trituradora pilotada;11;2;4;4;3;6;2;
145;Trogg comepiedras;11;2;4;3;5;6;2;
146;Trogg rompecantos;11;2;2;2;3;6;2;
147;Troggzor el Terrinator;11;2;7;6;6;6;2;
748;Truenagarto;11;2;3;3;3;6;9;
1324;Truhan de Bahia del Botin;11;2;5;5;4;6;11;
667;Truhan de segunda;11;2;5;4;5;6;8;
668;Turbo Choped de Tanaris;11;2;4;4;4;6;8;
669;Turbocerdo con pinchos;11;2;5;5;5;6;8;
751;Ultrasaurio;11;2;10;7;14;6;9;
888;Valkyr solnacida;11;2;5;5;4;6;10;
311;Velador argenta;11;2;2;2;4;6;4;
312;Vendedor de refrigerios;11;2;4;3;5;6;4;
489;Venerador enloquecido;11;2;5;3;6;6;6;
890;Venomante;11;2;5;2;5;6;10;
538;Vermis de biblioteca;11;2;6;3;6;6;7;
670;Vermis de mana roja;11;2;5;2;6;6;8;
891;Veterana de Acherus;11;2;1;2;1;6;10;
491;Vidente corrupto;11;2;6;2;3;6;6;
1334;Vidente luz fria;11;2;3;2;3;6;11;
148;Viejo lobo de mar;11;2;5;7;4;6;2;
1335;Viejo ojosombrio;11;2;4;2;4;6;11;
1337;Vigia ancestral;11;2;2;4;5;6;11;
539;Vigia aviaria;11;2;5;3;6;6;7;
753;Vigia de tormenta;11;2;7;4;8;6;9;
754;Vigilante primapantano;11;2;3;3;2;6;9;
756;Volcanosaurio;11;2;7;5;6;6;9;
757;Voraxx;11;2;4;3;3;6;9;
672;Wrathion;11;2;6;4;5;6;8;
315;Yertafauce;11;2;7;6;6;6;4;
151;Yeti mecanico;11;2;4;4;5;6;2;
1340;Yeti viento gelido;11;2;4;4;5;6;11;
494;Yogg Saron Fin de la Esperanza;11;2;10;7;5;6;6;
1341;Ysera;11;2;9;4;12;6;11;
495;YShaarj la Ira Desatada;11;2;10;10;10;6;6;
316;Zampaconjuros de feria;11;2;6;6;5;6;4;
152;Zancaalta perdido;11;2;4;5;4;6;2;
153;Zapador goblin;11;2;3;2;4;6;2;
30;Zombi destripado;11;2;1;2;3;6;1;
540;Zoobot;11;2;3;3;3;6;7;
